Workbook

Sheet Resumen Participantes
A7: RESUMEN PARTICIPANTES CARRERA DEPORTIVA
B9: Categorias | C9: Participantes
B11: ATLETISMO FEMENIL 5 Kms. (18 a 35 Años) | C11: ='Atl-Fml-5-kms-1a'!G345 -> 333
B12: ATLETISMO FEMENIL 5 Kms. (36 Años) en adelante | C12: ='Atl-Fml-5-kms-2a'!G70 -> 59
B14: ATLETISMO VARONIL 5 Kms. (18 a 35 Años) | C14: ='Atl-Vnl-5-kms-1a'!G277 -> 260
B15: ATLETISMO VARONIL 5 Kms. (36 Años) en adelante | C15: ='Atl-Vnl-5-kms-2a'!G138 -> 121
B17: ATLETISMO FEMENIL 10 Kms. (18 a 35 Años) | C17: ='Atl-Fml-10-kms-1a'!G79 -> 70
B18: ATLETISMO FEMENIL 10 Kms. (36 Años) en adelante | C18: ='Atl-Fml-10-kms-2a'!I21 -> 9
B20: ATLETISMO VARONIL 10 Kms. (18 a 35 Años) | C20: ='Atl-Vnl-10-kms-1a'!I147 -> 131
B21: ATLETISMO VARONIL 10 Kms. (36 Años) en adelante | C21: ='Atl-Vnl-10-kms-2a'!I63 -> 50
B24: Total de Participantes | C24: =SUM(C11:C23) -> 1033

Sheet Atl-Fml-5-kms-1a
A2: 7/o Aniversario Magnas Obras
A3: Agrupamiento de Ingenieros
A4: "Felipe Angeles"
A6: A T L E T I S M O F E M E N I L " 5 K m s. "
A7: 1 8 a 3 5 A Ñ O S
A9: No. | B9: Nombre | C9: Apellido Paterno | D9: Apellido Materno | E9: Edad | F9: Sexo | G9: Talla de Playera | H9: No. Concursante | I9: Firma Recibido | J9: Area o Frente | K9: Banco | L9: Referencia o Folio | M9: Importe | O9: CHICA | P9: MEDIANA | Q9: GRANDE | R9: EXTRA G. | S9: XXL
A10: 1 | B10: MARISOL | C10: CASTRO | D10: CANO | E10: 29 | F10: FEMENINO | G10: MEDIANA | K10: AZTECA | L10: 8196287 | M10: 200 | P10: 1
A11: 2 | B11: MARIA DE LOURDES | C11: GUTIERREZ | D11: LUNA | E11: 34 | F11: FEMENINO | G11: CHICA | K11: BBVA | L11: 57666160 | M11: 200 | O11: 1
A12: 3 | B12: EVA MARIA | C12: RAMIREZ | D12: PEREZ | E12: 30 | F12: FEMENINO | G12: CHICA | K12: AZTECA | L12: 8196287 | M12: 200 | O12: 1
A13: 4 | B13: ROXANA | C13: AGUILAR | D13: AVENDAÑO | E13: 34 | F13: FEMENINO | G13: CHICA | K13: AZTECA | L13: 8196287 | M13: 200 | O13: 1
A14: 5 | B14: LAURA DANIELA | C14: HERNANDEZ | D14: MACIAS | E14: 30 | F14: FEMENINO | G14: CHICA | K14: AZTECA | L14: 8196287 | M14: 200 | O14: 1
A15: 6 | B15: DULCE MARIANA | C15: LIMA | D15: HERNANDEZ | E15: 23 | F15: FEMENINO | G15: CHICA | K15: AZTECA | L15: 8196287 | M15: 200 | O15: 1
A16: 7 | B16: ERIKA | C16: TORRES | D16: MARQUES | E16: 22 | F16: FEMENINO | G16: CHICA | K16: AZTECA | L16: 8196287 | M16: 200 | O16: 1
A17: 8 | B17: STEPHANIE | C17: VELAZQUEZ | D17: ROMERO | E17: 31 | F17: FEMENINO | G17: MEDIANA | K17: AZTECA | L17: 8196287 | M17: 200 | P17: 1
A18: 9 | B18: LILIANA | C18: PEREZ | D18: ARIZA | E18: 33 | F18: FEMENINO | G18: CHICA | K18: AZTECA | L18: 8196287 | M18: 200 | O18: 1
A19: 10 | B19: INGRID YAMILE | C19: HERNANDEZ | D19: CHAVEZ | E19: 23 | F19: FEMENINO | G19: CHICA | K19: HSBC | L19: 240926 | M19: 200 | O19: 1
A20: 11 | B20: MARIA JOSE | C20: ANGELES | D20: ANGELES | E20: 23 | F20: FEMENINO | G20: CHICA | K20: BBVA | L20: 2409260 | M20: 200 | O20: 1
A21: 12 | B21: DULCE NOELIA | C21: FLORES | D21: LÓPEZ | E21: 25 | F21: FEMENINO | G21: CHICA | J21: MESA TIC | K21: BBVA | L21: 57514975 | M21: 200 | O21: 1
A22: 13 | B22: ALONDRA LETICIA | C22: BARAJAS | D22: RAMÍREZ | E22: 26 | F22: FEMENINO | G22: MEDIANA | J22: ITEYPF | K22: BBVA | L22: 59812071 | M22: 200 | P22: 1
A23: 14 | B23: LUCERO | C23: MEDINA | E23: 22 | F23: FEMENINO | G23: GRANDE | K23: BBVA | L23: 99877224 | M23: 200 | Q23: 1
A24: 15 | B24: YESSICA ABRIL | C24: RUIZ | D24: SALINAS | E24: 31 | F24: FEMENINO | G24: MEDIANA | K24: BBVA | L24: 93008096 | M24: 200 | P24: 1
A25: 16 | B25: GUADALUPE ITZEL | C25: PACHECO | D25: ANEL | E25: 23 | F25: FEMENINO | G25: CHICA | K25: AZTECA | L25: 4.3202693e+17 | M25: 200 | O25: 1
A26: 17 | B26: ALEJANDRA | C26: PÉREZ | D26: MAYORGA | E26: 29 | F26: FEMENINO | G26: CHICA | L26: 28915826 | M26: 200 | O26: 1
A27: 18 | B27: MARÍA TERESA | C27: DE BOQUE | D27: BERNAL | E27: 30 | F27: FEMENINO | G27: CHICA | J27: FRENTE 3 TRAMO 7 | K27: BBVA | L27: 20185878 | M27: 200 | O27: 1
A28: 19 | B28: Vanessa Noemi | C28: Cabrera | D28: Nava | E28: 26 | F28: FEMENINO | G28: CHICA | J28: FRENTE 5 MÉXICO - QUERÉTARO. | K28: BBVA | L28: 65315723 | M28: 600 | O28: 1
A29: 20 | B29: Hilda Abigail | C29: Ibarra | D29: Reyes | E29: 24 | F29: FEMENINO | G29: CHICA | J29: MESA DE CONTROL DE CALIDAD | K29: BBVA | L29: 94255108 | M29: 200 | O29: 1
A30: 21 | B30: Karina Vianey | C30: Campos | D30: Salgado | E30: 31 | F30: FEMENINO | G30: MEDIANA | K30: BBVA | L30: 88112206 | M30: 200 | P30: 1
A31: 22 | B31: TERESA ELIZABETH | C31: ALFARO | D31: RAMIREZ | E31: 32 | F31: FEMENINO | G31: CHICA | J31: FRENTE 3 TRAMO 7 | K31: BBVA | L31: 44396023 | M31: 200 | O31: 1
A32: 23 | B32: MIRIAM ALEJANDRA | C32: HERNÁNDEZ | D32: SÁNCHEZ | E32: 34 | F32: FEMENINO | G32: CHICA | J32: MESA ATN. AUDS. INTS. Y EXTS. | K32: BBVA | L32: 63911580 | M32: 200 | O32: 1
A33: 24 | B33: LILIANA | C33: MALDONADO | D33: RODRIGUEZ | E33: 26 | F33: FEMENINO | G33: CHICA | J33: MESA ATN. AUDS. INTS. Y EXTS. | M33: 200 | O33: 1
A34: 25 | B34: ANA KAREN | C34: WALDO | D34: BAUTISTA | E34: 24 | F34: FEMENINO | G34: CHICA | J34: MESA ATN. AUDS. INTS. Y EXTS. | M34: 200 | O34: 1
A35: 26 | B35: SANDRA KARIME | C35: SANTIAGO | D35: GARCÍA | E35: 35 | F35: FEMENINO | G35: GRANDE | J35: MESA SALVAMENTO ARQUEOLÓGICO | K35: BBVA | L35: 60185970 | M35: 200 | Q35: 1
A36: 27 | B36: KARLA | C36: REYES | D36: LOREDO | E36: 28 | F36: FEMENINO | G36: MEDIANA | J36: MESA DE TOPOGRAFÍA | K36: SCOTIANBANK | L36: 2.0260926e+24 | M36: 200 | P36: 1
A37: 28 | B37: PAOLA SARAHI | C37: GARCÍA | D37: VALENCIA | E37: 23 | F37: FEMENINO | G37: GRANDE | J37: CONTROL INTERNO Y ADMINISTRACIÓN DE RIESGOS | K37: BBVA | L37: 99815676 | M37: 200 | Q37: 1
A38: 29 | B38: ANA KAREN | C38: TREJO | D38: FLORES | E38: 26 | F38: FEMENINO | G38: CHICA | J38: MESA ATN. AUDS. INTS. Y EXTS. | K38: BBVA | L38: 74861722 | M38: 200 | O38: 1
A39: 30 | B39: MARISOL MONTSERRAT | C39: VELAZQUEZ | D39: DE LA CRUZ | E39: 29 | F39: FEMENINO | G39: MEDIANA | J39: MESA ESTRUCTURAS | K39: BANAMEX | L39: 8.5905777e+16 | M39: 200 | P39: 1
A40: 31 | B40: AMADA YESICA | C40: JIMÉNEZ | D40: ALBA | E40: 24 | F40: FEMENINO | G40: MEDIANA | J40: MIC | K40: SANTANDER | L40: 1710258 | M40: 200 | P40: 1
A41: 32 | B41: TANIA IVET | C41: JIMÉNEZ | D41: VALENZUELA | E41: 30 | F41: FEMENINO | G41: GRANDE | J41: F5 MEX-QRO | K41: NU | L41: NU3ANA5NEG8V9NOABKKKR2QIAS4M | M41: 200 | Q41: 1
A42: 33 | B42: JOSSELINNE | C42: ORTIZ | D42: GONZÁLEZ | E42: 27 | F42: FEMENINO | G42: EXTRA GRANDE | J42: F5 MEX-QRO | K42: NU | L42: NU3ANA5K458F9BIBMJO4LD9RON73 | M42: 200 | R42: 1
A43: 34 | B43: Maria Suarez Cruz | E43: 29 | F43: FEMENINO | G43: MEDIANA | J43: Frente 1 TPMP | M43: 200 | P43: 1
A44: 35 | B44: Joselyn Gabriela Gutierrez Elizalde | E44: 25 | F44: FEMENINO | G44: CHICA | J44: Combustibles y Lubricantes | M44: 200 | O44: 1
A45: 36 | B45: MARIA GUADALUPE GARCIA HERNANDEZ | E45: 35 | F45: FEMENINO | G45: GRANDE | J45: TERMINAL DE CARGA PROGRESO | M45: 200 | Q45: 1
A46: 37 | B46: YAZZARETH HERNANDEZ ORDOÑEZ | E46: 28 | G46: GRANDE | J46: TERMINAL DE CARGA PROGRESO | M46: 200 | Q46: 1
A47: 38 | B47: DEYANIRA | C47: OROZCO | D47: MEDINA | E47: 26 | F47: FEMENINO | G47: MEDIANA | J47: TERMINAL DE CARGA PROGRESO | M47: 200 | P47: 1
A48: 39 | B48: ANA PAOLA | C48: CEPEDA | D48: CASTRO | E48: 31 | F48: FEMENINO | G48: GRANDE | J48: TERMINAL DE CARGA PROGRESO | M48: 200 | Q48: 1
A49: 40 | B49: ROCIO | C49: REYNOSO | D49: SANCHEZ | E49: 33 | F49: FEMENINO | G49: GRANDE | J49: TERMINAL DE CARGA PROGRESO | M49: 200 | P49: 1
A50: 41 | B50: América | C50: Hernández | D50: Lugardo | E50: 28 | F50: FEMENINO | G50: GRANDE | J50: Mesa de Estimaciones | M50: 200 | Q50: 1
A51: 42 | B51: Aylin Desiree | C51: Gutierrez | D51: Elizalde | E51: 25 | F51: FEMENINO | G51: MEDIANA | J51: Mesa de Transportes | M51: 200 | P51: 1
A52: 43 | B52: JANNIN MONSERRAT | C52: DOMINGUEZ | D52: MARTINEZ | E52: 25 | F52: FEMENINO | G52: MEDIANA | J52: MESA EN QUE LABORAN: MESA DE REVISIÓN DE ADQUISICIONES Y CONTROL CONTABLE | M52: 200 | P52: 1
A53: 44 | B53: Jatziry Alejandra | C53: RUBIO | D53: AGUILAR | E53: 24 | F53: FEMENINO | G53: CHICA | J53: Mesa de Revisión de Adquisiciones y Control Contable | M53: 200 | O53: 1
A54: 45 | B54: CITALLI KAREN | C54: VARGAS | D54: GARCIA | E54: 35 | F54: FEMENINO | G54: MEDIANA | J54: Mesa de Revisión de Adquisiciones y Control Contable | M54: 200 | P54: 1
A55: 46 | B55: Alexia Rubí | C55: Calzada | D55: Campos | E55: 24 | F55: FEMENINO | G55: CHICA | J55: Mesa: Reposición de Infraestructura y Servicios Afectados | M55: 200 | O55: 1
A56: 47 | B56: Kimberly Aketzaly | C56: Monsalvo | D56: Gómez | E56: 26 | F56: FEMENINO | G56: MEDIANA | J56: Mesa: Reposición de Infraestructura y Servicios Afectados | M56: 200 | P56: 1
A57: 48 | B57: IVETT | C57: GUAJARDO | D57: DE ANDA | E57: 34 | F57: FEMENINO | G57: GRANDE | J57: F2 MÉX-QRO | K57: BANCO AZTECA | L57: 260928011179017221I | M57: 200 | Q57: 1
A58: 49 | B58: ANDREA | C58: BALDERAS | D58: OROZCO | E58: 33 | F58: FEMENINO | G58: MEDIANA | J58: F7 RAMAL | K58: MERCADO PAGO | L58: 181346406540 | M58: 200 | P58: 1
A59: 50 | B59: ERIZBETH | C59: GUZMÁN | D59: CORONA | E59: 32 | F59: FEMENINO | G59: MEDIANA | J59: RAMAL POXILÁ-MÉRIDA Y POXILÁ-HUNUCMÁ | K59: MERCADO PAGO | L59: 180343247785 | M59: 200 | P59: 1
A60: 51 | B60: DANIELA | C60: ORONZOR | D60: MEZA | E60: 24 | F60: FEMENINO | G60: GRANDE | J60: RAMAL POXILÁ-MÉRIDA Y POXILÁ-HUNUCMÁ | K60: BBVA | L60: 65529245 | M60: 200 | Q60: 1
A61: 52 | B61: LESLIE AZUL | C61: SALAZAR | D61: ESTRELA | E61: 34 | F61: FEMENINO | G61: MEDIANA | J61: MESA DE SEGURIDAD Y SALUD EN EL TRABAJO | K61: BANCO AZTECA | M61: 200 | P61: 1
A62: 53 | B62: JANET ITZEL | C62: CAMPOS | D62: LOZANO | E62: 25 | F62: FEMENINO | G62: MEDIANA | J62: MESA R.H. | K62: BANCO AZTECA | L62: 2609280111068904367H | M62: 200 | P62: 1
A63: 54 | B63: KAREN CECILIA | C63: REYES | D63: CASTILLO | E63: 27 | F63: FEMENINO | G63: MEDIANA | J63: MESA R.H. | K63: BANCO AZTECA | L63: 2609280111068904367H | M63: 200 | P63: 1
A64: 55 | B64: CAROLINA | C64: CEPEDA | D64: CASTRO | E64: 34 | F64: FEMENINO | G64: MEDIANA | J64: F2 RAMAL, TREN MAYA | K64: BANCO AZTECA | L64: 2609280111076657608H | M64: 200 | P64: 1
A65: 56 | B65: ELVA LETICIA | C65: CAMBEROS | D65: DEL ANGEL | E65: 24 | F65: FEMENINO | G65: MEDIANA | J65: F2 RAMAL, TREN MAYA | K65: MERCADO PAGO | L65: 180348360037 | M65: 200 | P65: 1
A66: 57 | B66: BRENDA GUADALUPE | C66: AMAYA | D66: MARTÍNEZ | E66: 23 | F66: FEMENINO | G66: MEDIANA | J66: MESA DE PREDIOS Y DERECHO DE VÍA | K66: BBVA | L66: 22982787 | M66: 200 | P66: 1
A67: 58 | B67: JENNYFER SAMANTHA | C67: MACIAS | D67: HERNÁNDEZ | E67: 25 | F67: FEMENINO | G67: MEDIANA | J67: MESA DE PREDIOS Y DERECHO DE VÍA | K67: BBVA | L67: 49710292 | M67: 200 | P67: 1
A68: 59 | B68: MARÍA GUADALUPE | C68: SÁNCHEZ | D68: GÓMEZ | E68: 28 | F68: FEMENINO | G68: MEDIANA | J68: PRESUPUESTO Y PROGRAMACIÓN | K68: BBVA | L68: 52976091 | M68: 200 | P68: 1
A69: 60 | B69: MARTHA PATRICIA | C69: ESPERANZA | D69: TRONCOSO | E69: 27 | F69: FEMENINO | G69: CHICA | J69: TERMINAL MULTIMODAL PALENQUE | M69: 200 | O69: 1
A70: 61 | B70: Daniela | C70: Yamili | D70: Vidales | E70: 30 | F70: FEMENINO | G70: MEDIANA | M70: 200 | P70: 1
A71: 62 | B71: Wendy Arely | C71: Rodríguez | D71: Valencia | E71: 31 | F71: FEMENINO | G71: CHICA | M71: 200 | O71: 1
A72: 63 | B72: NAYELI ELIZABETH | C72: PERDOMO | D72: AGUILAR | E72: 27 | F72: FEMENINO | G72: MEDIANA | J72: ITEYPF MESA DE PLATAFORMA Y VÍA | M72: 200 | P72: 1
A73: 64 | B73: Narayama | C73: Castro | D73: Islas | E73: 26 | F73: FEMENINO | G73: MEDIANA | J73: Frente 5 | M73: 200 | P73: 1
A74: 65 | B74: Lucia Marlen | C74: Valencia | D74: Arista | E74: 33 | F74: FEMENINO | G74: XXL | J74: Frente 7 | M74: 200 | S74: 1
A75: 66 | B75: CATHERINNE MONSERRAT | C75: ALBARRAN | D75: VILLANUEVA | E75: 29 | F75: FEMENINO | G75: EXTRA GRANDE | J75: FRENTE 2 | M75: 200 | R75: 1
A76: 67 | B76: Irais | C76: Zarco | D76: Lopez | E76: 31 | F76: FEMENINO | G76: CHICA | J76: FRENTE 2 | M76: 200 | O76: 1
A77: 68 | B77: ESTEFANIA JAZMIN | C77: GAONA | D77: GUERRERO | E77: 27 | F77: FEMENINO | G77: CHICA | J77: F-10 MEX-QRO | M77: 200 | O77: 1
A78: 69 | B78: ARIDAI | C78: PEREZ | D78: CORONA | E78: 23 | F78: FEMENINO | G78: MEDIANA | J78: F-10 MEX-QRO | M78: 200 | P78: 1
A79: 70 | B79: BELEM | C79: SANCHEZ | D79: HERNANDEZ | E79: 34 | F79: FEMENINO | G79: EXTRA GRANDE | J79: F-10 MEX-QRO | M79: 200 | R79: 1
A80: 71 | B80: LLUVIA INES | C80: COBIAN | D80: BAUTISTA | E80: 30 | F80: FEMENINO | G80: MEDIANA | J80: F-10 MEX-QRO | M80: 200 | P80: 1
A81: 72 | B81: LUZ MARIA | C81: ANGELES | D81: ROBLERO | E81: 26 | F81: FEMENINO | G81: MEDIANA | J81: F-10 MEX-QRO | M81: 200 | P81: 1
A82: 73 | B82: MARIA FERNANDA | C82: MONTOYA | D82: AGUILAR | E82: 27 | F82: FEMENINO | G82: MEDIANA | J82: F-10 MEX-QRO | M82: 200 | P82: 1
A83: 74 | B83: ADRIANA BERENICE | C83: COBIAN | D83: BAUTISTA | E83: 33 | F83: FEMENINO | G83: MEDIANA | J83: F-10 MEX-QRO | M83: 200 | P83: 1
A84: 75 | B84: JOCELYNE | C84: CASASOLA | D84: RODRIGUEZ | E84: 24 | F84: FEMENINO | G84: CHICA | J84: F-10 MEX-QRO | M84: 200 | O84: 1
A85: 76 | B85: CAROLINA | C85: ROBLEDO | D85: CASTRO | E85: 27 | F85: FEMENINO | G85: GRANDE | J85: F-10 MEX-QRO | M85: 200 | Q85: 1
A86: 77 | B86: MARLEN ADALI | C86: JACOME | D86: HERNANDEZ | E86: 25 | F86: FEMENINO | G86: MEDIANA | J86: FRENTE 2 AIFA-PACHUCA | M86: 200 | P86: 1
A87: 78 | B87: Cecilia | C87: Meza | D87: López | E87: 35 | F87: FEMENINO | G87: GRANDE | J87: FRENTE 2 AIFA-PACHUCA | M87: 200 | Q87: 1
A88: 79 | B88: XIMENA YARETH | C88: SANCHEZ | D88: NAVARRO | E88: 25 | F88: FEMENINO | G88: GRANDE | J88: FRENTE 7 POXILÁ-MÉRIDA | M88: 200 | Q88: 1
A89: 80 | B89: ITZEL ALEJANDRA | C89: BUSTAMANTE | D89: GONZALEZ | E89: 24 | F89: FEMENINO | G89: CHICA | J89: FRENTE 7 POXILA-MERIDA | M89: 200 | O89: 1
A90: 81 | B90: ALEXIA LIZBETH | C90: LECONA | D90: TORRES | E90: 28 | F90: FEMENINO | G90: CHICA | J90: FÉRREA AIFA-PACHUCA, FRENTE 1”. | M90: 200 | O90: 1
A91: 82 | B91: Alexandra Pamela | C91: Hernández | D91: Díaz | E91: 25 | F91: FEMENINO | G91: CHICA | J91: F2TAP | M91: 200 | O91: 1
A92: 83 | B92: JESSICA ALEJANDRA | C92: CRUZ | D92: GONZALEZ | E92: 24 | F92: FEMENINO | G92: MEDIANA | J92: FRENTE 2 | M92: 200 | P92: 1
A93: 84 | B93: KARLA FERNANDA | C93: LEON | D93: ANGELES | E93: 24 | F93: FEMENINO | G93: MEDIANA | J93: F2 TAP | M93: 200 | P93: 1
A94: 85 | B94: Julisa | C94: Meneses | D94: Rangel | E94: 27 | F94: FEMENINO | G94: CHICA | J94: Frente 5 tren México-Queretaro | M94: 200 | O94: 1
A95: 86 | B95: Katia | C95: Ortuño | D95: Bermúdez | E95: 29 | F95: FEMENINO | G95: MEDIANA | J95: F2 TAP | M95: 200 | P95: 1 | W95: 0.4375
A96: 87 | B96: Alejandra | C96: García | D96: Medina | E96: 28 | F96: FEMENINO | G96: CHICA | J96: Mesa de Transparencia | K96: BBVA | L96: 2909260 | M96: 200 | O96: 1
A97: 88 | B97: NAYDELIN | C97: MARQUEZ | D97: FLORES | E97: 24 | F97: FEMENINO | G97: MEDIANA | J97: NFRAESTRUCTURA FERROVIARIA EN EL NORTE DEL PAÍS, LÍNEA FÉRREA AIFA-PACHUCA, FRENTE 1 | K97: AZTECA | L97: 8196287 | M97: 200 | P97: 1
A98: 89 | B98: Gloria Gabriela | C98: Medina | D98: Salgado | E98: 34 | F98: FEMENINO | G98: MEDIANA | J98: Control de Almacenes y Suministros | M98: 200 | P98: 1
A99: 90 | B99: Edith | C99: Atilano | D99: Hernández | E99: 34 | F99: FEMENINO | G99: MEDIANA | J99: Control de Almacenes y Suministros | M99: 200 | P99: 1
A100: 91 | B100: Sofía | C100: Corrales | D100: Aparicio | E100: 28 | F100: FEMENINO | G100: MEDIANA | J100: Mesa de Adquisiciones | M100: 200 | P100: 1
A101: 92 | B101: GUADALUPE SARAHÍ | C101: BUENO | D101: CAZARES | E101: 28 | F101: FEMENINO | G101: CHICA | J101: Mesa de Adquisiciones | M101: 200 | O101: 1
A102: 93 | B102: MARIANA | C102: ARVIZU | D102: SERAPIO | E102: 31 | F102: FEMENINO | G102: MEDIANA | J102: Mesa de Adquisiciones | M102: 200 | P102: 1
A103: 94 | B103: BRICEIDA | C103: PONCE DE LEÓN | D103: CHÁVEZ | E103: 31 | F103: FEMENINO | G103: MEDIANA | J103: FRENTE 2, AIFA-PACHUCA | M103: 200 | P103: 1
...

Sheet Atl-Fml-5-kms-2a
A2: 7/o Aniversario Magnas Obras
A3: Agrupamiento de Ingenieros
A4: "Felipe Angeles"
A7: A T L E T I S M O F E M E N I L " 5 K m s. "
A8: 3 6 A Ñ O S E N A D E L A N T E
A10: No. | B10: Nombre | C10: Apellido Paterno | D10: Apellido Materno | E10: Edad | F10: Sexo | G10: Talla de Playera | H10: No. Concursante | I10: Firma Recibido | J10: Area o Frente | K10: Banco | L10: Referencia o Folio | M10: Importe | O10: CHICA | P10: MEDIANA | Q10: GRANDE | R10: EXTRA G. | S10: XXL
A11: 1 | B11: VERONICA | C11: TOVAR | D11: SOLIS | E11: 54 | F11: FEMENINO | G11: MEDIANA | P11: 1
A12: 2 | B12: KAREN LIZBETH | C12: HERNÁNDEZ | D12: TENORIO | E12: 36 | F12: FEMENINO | G12: EXTRA GRANDE | K12: AZTECA | L12: 8196287 | M12: 200 | R12: 1
A13: 3 | B13: YAZMIN | C13: CASTRO | D13: COVARRUBIAS | E13: 40 | F13: FEMENINO | G13: GRANDE | K13: AZTECA | L13: 8196287 | M13: 200 | Q13: 1
A14: 4 | B14: MAYRA JOCELIN | C14: MENDIETA | D14: VISTRAIN | E14: 38 | F14: FEMENINO | G14: CHICA | K14: AZTECA | L14: 8196287 | M14: 200 | O14: 1
A15: 5 | B15: JESSICA | C15: GALINDO | D15: ROSALES | E15: 44 | F15: FEMENINO | G15: MEDIANA | K15: AZTECA | L15: 8196287 | M15: 200 | P15: 1
A16: 6 | B16: MAGADALENA | C16: SOSA | D16: ZANCHEZ | E16: 45 | F16: FEMENINO | G16: GRANDE | K16: BANAMEX | L16: 230346 | M16: 200 | Q16: 1
A17: 7 | B17: BETSY NAYELY | C17: VIGUERAS | D17: REYES | E17: 38 | F17: FEMENINO | G17: MEDIANA | K17: SPIN | M17: 200 | P17: 1
A18: 8 | B18: YURI JAZMIN | C18: SEBASTIAN | D18: VICENCIO | E18: 45 | F18: FEMENINO | G18: MEDIANA | K18: BANCOPPEL | L18: 2409260 | M18: 200 | P18: 1
A19: 9 | B19: JOVANA ORQUÍDEA | C19: DELGADO | D19: BARAJAS | E19: 39 | F19: FEMENINO | G19: MEDIANA | K19: BBVA | L19: 57230624 | M19: 200 | P19: 1
A20: 10 | B20: Jazmin Areli | C20: Flores | D20: Palomino | E20: 48 | F20: FEMENINO | G20: MEDIANA | K20: NU | L20: 250926 | M20: 200 | P20: 1
A21: 11 | B21: ALICIA | C21: CIPRIANO | D21: CAMINO | E21: 43 | F21: FEMENINO | G21: CHICA | J21: MESA CONTROL INTERNO Y ADMÓN DE RIESGOS | K21: BBVA | L21: 19433175 | M21: 200 | O21: 1
A22: 12 | B22: CRISTINA ELENA | C22: VELÁZQUEZ | D22: JIMÉNEZ | E22: 46 | F22: FEMENINO | G22: MEDIANA | J22: MÉXICO-QUERÉTARO F3 | K22: SCOTIANBANK | L22: 6287 | M22: 200 | P22: 1
A23: 13 | B23: MARÍA ANDRE | C23: JASSO | D23: SANCHEZ | E23: 50 | F23: FEMENINO | G23: GRANDE | J23: MESA TIC | K23: BANCO AZTECA | L23: 2609270111027076074H | M23: 200 | Q23: 1
A24: 14 | B24: Vanessa Enriquez | E24: 46 | G24: MEDIANA | P24: 1
A25: 15 | B25: GRACIELA | C25: VARGAS | D25: HERNÁNDEZ | E25: 57 | F25: FEMENINO | G25: MEDIANA | J25: CONTROL DE EQUIPAMIENTO PERMANENTE Y NO PERMANENTE | K25: BBVA | L25: 84926023 | M25: 200 | P25: 1
A26: 16 | B26: MARÍA GUADALUPE | C26: FLORES | D26: RODRÍGUEZ | E26: 44 | F26: FEMENINO | G26: MEDIANA | J26: MESA R.H. | K26: BANCO AZTECA | L26: 2609280111068904367H | M26: 1200 | P26: 1
A27: 17 | B27: FABIOLA | C27: LIMA | D27: GARCÍA | E27: 47 | F27: FEMENINO | G27: CHICA | J27: REV. ADQS. Y CONT. CONTAB. | K27: BANCOPPEL | L27: 50118163TRANSBPI28007596 | M27: 200 | O27: 1
A28: 18 | B28: Rocio | C28: Naval | D28: Lugo | E28: 46 | F28: FEMENINO | G28: MEDIANA | J28: Frente 7 | P28: 1
A29: 19 | B29: Norma Vianey | C29: Villegas | D29: Rueda | E29: 39 | F29: FEMENINO | G29: MEDIANA | J29: Frente 7 | P29: 1
A30: 20 | B30: ROSALIN | C30: FERNANDEZ | D30: LANDEROS | E30: 50 | F30: FEMENINO | G30: MEDIANA | J30: F-10 MEX-QRO | P30: 1
A31: 21 | B31: ANABELL | C31: JIMENEZ | D31: ESCAMILLA | E31: 51 | F31: FEMENINO | G31: GRANDE | J31: F-10 MEX-QRO | Q31: 1
A32: 22 | B32: ELIA IVONNE | C32: MENDEZ | D32: LEON | E32: 54 | F32: FEMENINO | G32: EXTRA GRANDE | J32: F-10 MEX-QRO | R32: 1
A33: 23 | B33: Guadalupe | C33: Flores | D33: Guzman | E33: 36 | G33: GRANDE | J33: Control de Almacenes y Suministros | Q33: 1
A34: 24 | B34: ANTONIETA | C34: BAUTISTA | D34: SANTIAGO | E34: 44 | G34: MEDIANA | J34: REV. ADQS. Y CONT. CONTAB. | P34: 1
A35: 25 | B35: Xanat | C35: Santes | D35: Hernández | E35: 37 | G35: CHICA | J35: REV. ADQS. Y CONT. CONTAB. | O35: 1
A36: 26 | B36: ANA KARINA | C36: MORALES | D36: MUÑOZ | E36: 36 | F36: FEMENINO | G36: CHICA | J36: EYP | O36: 1
A37: 27 | B37: KARLA MARIBEL | C37: BARRERA | D37: CORTÉS | E37: 39 | F37: FEMENINO | G37: GRANDE | J37: MESA REV. ADQS- Y CTL. CONTAB. | Q37: 1
A38: 28 | B38: LEONOR ALEJANDRINA | C38: MELLADO | D38: HERNÁNDEZ | E38: 48 | F38: FEMENINO | G38: EXTRA GRANDE | J38: MESA REV. ADQS- Y CTL. CONTAB. | R38: 1
A39: 29 | B39: AURORA | C39: ESTRADA | D39: ABURTO | E39: 41 | F39: FEMENINO | G39: GRANDE | J39: MESA REV. ADQS- Y CTL. CONTAB. | Q39: 1
A40: 30 | B40: ABRIL | C40: VILLALOBOS | D40: RAMIREZ | E40: 36 | F40: FEMENINO | G40: MEDIANA | J40: FRENTE 4 AIFA PACHUCA | P40: 1
A41: 31 | B41: ADRIANA | C41: PIÑA | D41: GONZÁLEZ | E41: 38 | F41: FEMENINO | G41: XL | J41: FRENTE 4 AIFA PACHUCA | R41: 1
A42: 32 | B42: ANA LILIA | C42: PINEDA | D42: HERNÁNDEZ | E42: 44 | F42: FEMENINO | G42: CHICA | J42: FRENTE 4 AIFA PACHUCA | O42: 1
A43: 33 | B43: NATIVIDAD | C43: PINEDA | D43: MONDRAGÓN | E43: 39 | F43: FEMENINO | G43: MEDIANA | J43: FRENTE 4 AIFA PACHUCA | P43: 1
A44: 34 | B44: EVA | C44: JIMENEZ | D44: GONZALEZ | E44: 43 | F44: FEMENINO | G44: MEDIANA | J44: FRENTE 4 AIFA PACHUCA | P44: 1
A45: 35 | B45: YARICENI | C45: HERNANDEZ | D45: AVILA | E45: 37 | F45: FEMENINO | G45: CHICA | J45: FRENTE 4 AIFA PACHUCA | O45: 1
A46: 36 | B46: TANIA STEPHANY | C46: ENRIQUEZ | D46: ORTEGA | E46: 37 | F46: FEMENINO | G46: MEDIANA | J46: FRENTE 4 AIFA PACHUCA | P46: 1
A47: 37 | B47: MONSE | C47: SANCHEZ | D47: FIERRO | E47: 40 | F47: FEMENINO | G47: MEDIANA | J47: FRENTE 4 AIFA PACHUCA | P47: 1
A48: 38 | B48: MARICELA | C48: GARCIA | D48: RIOS | E48: 41 | F48: FEMENINO | G48: MEDIANA | J48: FRENTE 4 AIFA PACHUCA | P48: 1
A49: 39 | B49: YOLANDA | C49: PÉREZ | D49: NAVARRO | E49: 56 | F49: FEMENINO | G49: CHICA | J49: MESA REV. ADQS. Y CTL. CONTAB | O49: 1
A50: 40 | B50: MARÍA ELENA | C50: VERA | D50: HERNÁNDEZ | E50: 42 | F50: FEMENINO | G50: MEDIANA | J50: MESA DE CONTROL AMBIENTAL Y SUSTENTABILIDAD | P50: 1
A51: 41 | B51: ANA PILAR | C51: LEDEZMA | D51: LOPEZ | E51: 43 | F51: FEMENINO | G51: GRANDE | J51: RAMAL POXILÁ-MÉRIDA Y POXILÁ-HUNUCMÁ | O51: 1
A52: 42 | B52: ALEJANDRINA | C52: RAMOS | D52: LUCAS | E52: 52 | F52: FEMENINO | G52: GRANDE | J52: AIFA-PACHUCA, SUBESTACION DE TRACCION F1 | O52: 1
A53: 43 | B53: BERENICE | C53: VILLANUEVA | D53: PÉREZ | E53: 40 | F53: FEMENINO | G53: MEDIANA | J53: F2 MÉX-QRO | P53: 1
A54: 44 | B54: MARTHA MARIBEL | C54: ALCÁNTARA | D54: RESENDIZ | E54: 47 | F54: FEMENINO | G54: EXTRA GRANDE | J54: MESA REV. ADQS. Y CTL. CONTAB | R54: 1
A55: 45 | B55: DORICELA | C55: GONZÁLEZ | D55: CORDERO | E55: 36 | F55: FEMENINO | G55: EXTRA CHICA | J55: MESA REV. ADQS. Y CTL. CONTAB | O55: 1
A56: 46 | B56: MARÍA DE JESÚS | C56: MARTÍNEZ | D56: ZAVALA | E56: 41 | F56: FEMENINO | G56: GRANDE | J56: MESA DE CAMPAMENTO | Q56: 1
A57: 47 | B57: INES | C57: HERNANDEZ | D57: RUIZ | E57: 41 | F57: FEMENINO | G57: GRANDE | J57: TERMINAL MULTIMODAL CANCUN | Q57: 1
A58: 48 | B58: AHTZIRI AMAIRANI | C58: ZALDIVAR | D58: ZAVALA | E58: 36 | F58: FEMENINO | G58: MEDIANA | J58: MESA: ATN. AUDS. INTS. Y EXTS. | P58: 1
A59: 49 | B59: NANCY NELLY | C59: CHANG | D59: LÓPEZ | E59: 43 | F59: FEMENINO | G59: EXTRA GRANDE | J59: Ramal Poxilá-Mérida y Ramal Poxilá-Hunucmá” Frente 7 | R59: 1
A60: 50 | B60: DIANA | C60: LOPEZ | D60: HERNANDEZ | E60: 39 | F60: FEMENINO | G60: GRANDE | J60: MEX-QRO F2 | Q60: 1
A61: 51 | B61: ROSA GLORIA | C61: SERENO | D61: LÓPEZ | E61: 36 | F61: FEMENINO | G61: CHICA | J61: MESA DE PPTO. Y PROG. | P61: 1
A62: 52 | B62: ARELY LIZBETH | C62: ROSALES | D62: FLORES | E62: 37 | F62: FEMENINO | G62: GRANDE | J62: MESA DE PPTO. Y PROG. | Q62: 1
A63: 53 | B63: ANDREA | C63: VAVERDE | D63: ARREGUÍN | E63: 43 | F63: FEMENINO | G63: MEDIANA | J63: MESA MIC | P63: 1
A64: 54 | B64: YANELLY | C64: DELGADO | D64: DE LA CRUZ | E64: 44 | F64: FEMENINO | G64: XXL | J64: CAME | R64: 1
A65: 55 | B65: MARÍA DEL CARMEN JUANA | C65: HERNÁNDEZ | D65: GÓMEZ | E65: 48 | F65: FEMENINO | G65: CHICA | J65: CAME | O65: 1
A66: 56 | B66: CLAUDIA ERIKA | C66: ROSAS | D66: ZALDIVAR | E66: 51 | F66: FEMENINO | G66: MEDIANA | J66: ITEYPF | P66: 1
A67: 57 | B67: MARÍA ISABEL | C67: RESENDIS | D67: PÉREZ | E67: 45 | F67: FEMENINO | G67: GRANDE | J67: IRAPUATO-GUADALAJARA | Q67: 1
A68: 58 | B68: SANDIBEL | C68: PÉREZ | D68: MEDRANO | E68: 37 | F68: FEMENINO | G68: GRANDE | J68: F3 TMQ | Q68: 1
A69: 59 | B69: MARICELA | C69: PAREDES | D69: JACOBO | E69: 41 | F69: FEMENINO | G69: XXL | J69: RECINTO MILITAR | S69: 1
E70: CONCURSANTES | G70: =O70+P70+Q70+R70+S70 -> 59 | O70: =SUM(O11:O69) -> 12 | P70: =SUM(P11:P69) -> 26 | Q70: =SUM(Q11:Q69) -> 13 | R70: =SUM(R11:R69) -> 7 | S70: =SUM(S11:S69) -> 1

Sheet Atl-Fml-10-kms-1a
A2: 7/o Aniversario Magnas Obras
A3: Agrupamiento de Ingenieros
A4: "Felipe Angeles"
A6: A T L E T I S M O F E M E N I L " 1 0 K m s. "
A7: 1 8 a 3 5 A Ñ O S
A8: No. | B8: Nombre | C8: Apellido Paterno | D8: Apellido Materno | E8: Edad | F8: Sexo | G8: Talla de Playera | H8: No. Concursante | I8: Firma Recibido | J8: Area o Frente | K8: Banco | L8: Referencia | M8: Importe | O8: CHICA | P8: MEDIANA | Q8: GRANDE | R8: EXTRA G. | S8: XXL
A9: 1 | B9: SOFIA ISABEL | C9: YEPEZ | D9: MENESES | E9: 27 | F9: FEMENINO | G9: CHICA | L9: EFECTIVO | M9: 200 | O9: 1
A10: 2 | B10: MIRIAM LUCERO | C10: VAZQUEZ | D10: DE LEON | E10: 32 | F10: FEMENINO | G10: MEDIANA | L10: EFECTIVO | M10: 200 | P10: 1
A11: 3 | B11: SANTA GUADALUPE | C11: ESTEVEZ | D11: RESENDIZ | E11: 28 | F11: FEMENINO | G11: MEDIANA | K11: MERCADO PAGO | L11: 179687838167 | M11: 200 | P11: 1
A12: 4 | B12: BRENDA YEDIDA | C12: MARTINEZ | D12: CUECUECHA | E12: 31 | F12: FEMENINO | G12: CHICA | K12: BANAMEX | L12: 386523 | M12: 200 | O12: 1
A13: 5 | B13: SANDRA KARINA | C13: MORALES | D13: MENDEZ | E13: 31 | F13: FEMENINO | G13: CHICA | J13: FRENTE 3 TRAMO 7 | K13: MERCADO PAGO | L13: 180847106054 | M13: 200 | O13: 1
A14: 6 | B14: ADILENE | C14: RODRÍGUEZ | D14: AGUILAR | E14: 28 | F14: FEMENINO | G14: CHICA | K14: BBVA | L14: 72854302 | M14: 2600 | O14: 1
A15: 7 | B15: PRISCILA | C15: JIMÉNEZ | D15: PÉREZ | E15: 30 | F15: FEMENINO | G15: CHICA | K15: BBVA | L15: 72854302 | M15: 2600 | O15: 1
A16: 8 | B16: ANDREA | C16: RODRÍGUEZ | D16: AGUILAR | E16: 23 | F16: FEMENINO | G16: CHICA | K16: BBVA | L16: 72854302 | M16: 2600 | O16: 1
A17: 9 | B17: ANA ITZEL | C17: LOZADA | D17: NAJERA | E17: 24 | F17: FEMENINO | G17: CHICA | K17: BBVA | L17: 72854302 | M17: 2600 | O17: 1
A18: 10 | B18: GRESI RUBI | C18: CASIMIRO | D18: VELASQUEZ | E18: 30 | F18: FEMENINO | G18: CHICA | K18: BBVA | L18: 72854302 | M18: 2600 | O18: 1
A19: 11 | B19: María Fernanda | C19: Vázquez | D19: Maceda | E19: 26 | F19: FEMENINO | G19: CHICA | K19: BBVA | L19: 72854302 | M19: 2600 | O19: 1
A20: 12 | B20: Jennifer Delfina | C20: Ramirez | D20: Gómez | E20: 29 | F20: FEMENINO | G20: MEDIANA | K20: BBVA | L20: 65315723 | M20: 600 | P20: 1
A21: 13 | B21: FERNANDA | C21: MARTINEZ | D21: RANGEL | E21: 28 | F21: FEMENINO | G21: CHICA | K21: BANCOPPEL | L21: 50111670TRANSBPI79869616 | M21: 200 | O21: 1
A22: 14 | B22: VIOLETA LILIANA | C22: HERNÁNDEZ | D22: GÓMEZ | E22: 30 | F22: FEMENINO | G22: CHICA | K22: BBVA | L22: 24064893 | M22: 600 | O22: 1
A23: 15 | B23: MARTHA JACQUELINE | C23: MUÑOZ | D23: PAREDES | E23: 27 | F23: FEMENINO | G23: EXTRA GRANDE | K23: BBVA | L23: 24064893 | M23: 600 | R23: 1
A24: 16 | B24: KAREN CITLALI | C24: RODRÍGUEZ | D24: ROBLES | E24: 32 | F24: FEMENINO | G24: EXTRA GRANDE | K24: BBVA | L24: 24064893 | M24: 600 | R24: 1
A25: 17 | B25: SANDRA VICTORIA | C25: DÍAZ | D25: AGUIRRE | E25: 28 | F25: FEMENINO | G25: CHICA | K25: BBVA | L25: 31781810 | M25: 200 | O25: 1
A26: 18 | B26: HEYDI PAOLA | C26: PECH | D26: PÉREZ | E26: 26 | F26: FEMENINO | G26: MEDIANA | K26: MERCADO PAGO | L26: 179933475923 | M26: 200 | P26: 1
A27: 19 | B27: FERNANDA | C27: REYES | D27: URBAN | E27: 27 | F27: FEMENINO | G27: MEDIANA | K27: BBVA | L27: 81621028 | M27: 200 | P27: 1
A28: 20 | B28: ELDA | C28: MARGARITA | D28: OCEJO | E28: XEGUER | F28: FEMENINO | G28: CHICA | J28: TAP F1 | K28: BBVA | L28: 75052270 | M28: 200 | O28: 1
A29: 21 | B29: ALMA GUADALUPE | C29: SANCHEZ | D29: PEREZ | E29: 26 | F29: FEMENINO | G29: CHICA | J29: MESA INGENIERÍA ELÉCTRICA Y EQUIPAMIENTO INDUSTRIAL | K29: BANCOPPEL | L29: 50118052TRANSBPI91581330 | M29: 200 | O29: 1
A30: 22 | B30: VAITIARE | C30: MARTINEZ | D30: MARTINEZ | E30: 23 | F30: FEMENINO | G30: EXTRA CHICA | J30: RAMAL POXILÁ-MÉRIDA Y POXILÁ-HUNUCMÁ | K30: BBVA | L30: 34854426 | M30: 200 | O30: 1
A31: 23 | B31: MARIEL GUEVARA FIGUEROA | E31: 33 | F31: FEMENINO | G31: MEDIANA | J31: TERMINAL DE CARGA PROGRESO | P31: 1
A32: 24 | B32: DIANA EVELIN JIMENEZ COVA | E32: 30 | F32: FEMENINO | G32: CHICA | J32: TERMINAL DE CARGA PROGRESO | O32: 1
A33: 25 | B33: MARÍA JOSÉ | C33: VELÁZQUEZ | D33: MADRIGAL | E33: 31 | F33: FEMENINO | G33: MEDIANA | J33: MESA REV. ADQS. Y CTL. CONTAB. | K33: BBVA | L33: 71927754 | M33: 200 | P33: 1
A34: 26 | B34: KARINA | C34: FLORES | D34: SILVA | E34: 26 | F34: FEMENINO | G34: CHICA | J34: TERMINAL MULTIMODAL PALENQUE | O34: 1
A35: 27 | B35: ARANZA AMAIRANI | C35: SANTIAGO | D35: SANCHEZ | E35: 31 | F35: FEMENINO | G35: MEDIANA | J35: TERMINAL MULTIMODAL PALENQUE | P35: 1
A36: 28 | B36: TERESA | C36: GARCIA | D36: MAXIMO | E36: 28 | F36: FEMENINO | G36: MEDIANA | J36: TERMINAL MULTIMODAL PALENQUE | P36: 1
A37: 29 | B37: LIZBETH | C37: GONZALEZ | D37: SANCHEZ | E37: 27 | F37: FEMENINO | G37: CHICA | J37: TERMINAL MULTIMODAL PALENQUE | O37: 1
A38: 30 | B38: MIRIAM VANESSA | C38: PARRA | D38: VARGAS | E38: 28 | F38: FEMENINO | G38: CHICA | J38: MESA O FRENTE: FRENTE 2 MÉX-QTO | O38: 1
A39: 31 | B39: Yhenny Yuliana | C39: Soto | D39: Diaz | E39: 30 | F39: FEMENINO | G39: CHICA | J39: Mesa de Rev. Adqs. y Ctl. Cont. | O39: 1
A40: 32 | B40: ANDREA | C40: MARTINEZ | D40: PAREDES | E40: 25 | F40: FEMENINO | G40: CHICA | J40: FRENTE 7 POXILA - MÉRIDA | O40: 1
A41: 33 | B41: DIANA LEIDI | C41: MENDOZA | D41: DIAZ | E41: 30 | F41: FEMENINO | G41: CHICA | J41: MESA O FRENTE EN QUE LABORAN: REV. ADQ.Y CTL. CONTAB | P41: 1
A42: 34 | B42: JAZMIN LUCIA | C42: GOMEZ | D42: FLORES | E42: 26 | F42: FEMENINO | G42: MEDIANA | J42: MESA REV. ADQS. Y CTL. CONTAB. | O42: 1
A43: 35 | B43: SANTA VERONICA | C43: TRUJILLO | D43: ZAVALETA | E43: 28 | F43: FEMENINO | G43: CHICA | J43: MESA REV. ADQS. Y CTL. CONTAB. | O43: 1
A44: 36 | B44: AMÉRICA AMANDA | C44: SÁNCHEZ | D44: ACOLTZI | E44: 35 | F44: FEMENINO | G44: MEDIANA | J44: MESA REV. ADQS. Y CTL. CONTAB. | P44: 1
A45: 37 | B45: JOSELINE LILIANA | C45: MARTINEZ | D45: MARTINEZ | E45: 31 | F45: FEMENINO | G45: MEDIANA | J45: GRUPO ENLACE | P45: 1
A46: 38 | B46: SULLY YARET | C46: SALAZAR | D46: HERNÁNDEZ | E46: 26 | F46: FEMENINO | G46: MEDIANA | J46: F5 MEX-QRO | P46: 1
A47: 39 | B47: MARÍA ELENA | C47: RIOS | D47: GARCÍA | E47: 35 | F47: FEMENINO | G47: MEDIANA | J47: F6 MEX-QRO | P47: 1
A48: 40 | B48: Guadalupe | C48: Leonel | D48: Pereda | E48: 33 | F48: FEMENINO | G48: CHICA | J48: MESA REV. ADQS. Y CTL. CONTAB. | O48: 1
A49: 41 | B49: SELENE | C49: PRIETO | D49: GUTIERREZ | E49: 33 | F49: FEMENINO | G49: CHICA | J49: MESA REV. ADQS. Y CTL. CONTAB. | O49: 1
A50: 42 | B50: MARIA ZARE | C50: PALOMARES | D50: TORRES | E50: 28 | F50: FEMENINO | G50: GRANDE | J50: FP MEX QRO | Q50: 1
A51: 43 | B51: PAMELA | C51: GALVAN | D51: RUIZ | E51: 30 | F51: FEMENINO | G51: MEDIANA | J51: ESTUDIOS DE INGENIERIA BASICA QRO-SLP | P51: 1
A52: 44 | B52: ABIGAIL | C52: APOLONIO | D52: OLIVERA | E52: 20 | F52: FEMENINO | G52: CHICA | J52: FRENTE 4 AIFA PACHUCA | O52: 1
A53: 45 | B53: ALEJANDRA GUADALUPE | C53: SÁNCHEZ | D53: HERNÁNDEZ | E53: 26 | F53: FEMENINO | G53: CHICA | J53: FRENTE 4 AIFA PACHUCA | O53: 1
A54: 46 | B54: NANCY | C54: SARABIA | D54: HERNÁNDEZ | E54: 30 | F54: FEMENINO | G54: MEDIANA | J54: FRENTE 4 AIFA PACHUCA | P54: 1
A55: 47 | B55: EVELYN FERNANDA | C55: MONCAYO | D55: LICEA | E55: 28 | F55: FEMENINO | G55: CHICA | J55: FRENTE 4 AIFA PACHUCA | O55: 1
A56: 48 | B56: ARLETH GISELLE | C56: MONROY | D56: ALARCÓN | E56: 24 | F56: FEMENINO | G56: MEDIANA | J56: FRENTE 4 AIFA PACHUCA | P56: 1
A57: 49 | B57: FRYDA | C57: PEDRAZA | D57: GALINDO | E57: 29 | F57: FEMENINO | G57: CHICA | J57: FRENTE 4 AIFA PACHUCA | O57: 1
A58: 50 | B58: GISELLE | C58: GOMEZ | D58: GONZALEZ | E58: 29 | F58: FEMENINO | G58: MEDIANA | J58: FRENTE 4 AIFA PACHUCA | P58: 1
A59: 51 | B59: ANAYELI | C59: HERNÁNDEZ | D59: MARTINEZ | E59: 27 | F59: FEMENINO | G59: MEDIANA | J59: AIFA-PACHUCA, SUBESTACIONES DE TRACCIÓN F1 | P59: 1
A60: 52 | B60: ITANDEHUI | C60: MARTÍNEZ | D60: VELASCO | E60: 24 | F60: FEMENINO | G60: CHICA | J60: AIFA-PACHUCA, SUBESTACIONES DE TRACCIÓN F1 | O60: 1
A61: 53 | B61: JOVANA | C61: SAN JUAN | D61: GÓMEZ | E61: 25 | F61: FEMENINO | G61: CHICA | J61: AIFA-PACHUCA, SUBESTACIONES DE TRACCIÓN F1 | O61: 1
A62: 54 | B62: LUCIA MACARENA | C62: VELARDE | D62: SUÁREZ | E62: 32 | F62: FEMENINO | G62: MEDIANA | J62: FRENTE 5 MÉX.-QRO | P62: 1
A63: 55 | B63: MÓNICA PAULINA | C63: OLVERA | D63: PEÑA | E63: 28 | F63: FEMENINO | G63: MEDIANA | J63: FRENTE: 1 MÉX-QRO | P63: 1
A64: 56 | B64: Lucero Aylin | C64: Pérez | D64: Antonio | E64: 28 | F64: FEMENINO | G64: MEDIANA | J64: Frente 1 Mex-Qro | P64: 1
A65: 57 | B65: Amairani Gabriela | C65: Ochoa | D65: Tapia | E65: 30 | F65: FEMENINO | G65: CHICA | J65: MESA REV. ADQS. Y CTL. CONTAB. | O65: 1
A66: 58 | B66: ITAII | C66: CABALLERO | D66: HERNANDEZ | E66: 29 | F66: FEMENINO | G66: CHICA | J66: RECINTO DE MEMORIA MILITAR | O66: 1
A67: 59 | B67: GUADALUPE ESTEFANÍA | C67: CAMACHO | D67: SALMORAN | E67: 26 | F67: FEMENINO | G67: CHICA | J67: TAP-F1 | O67: 1
A68: 60 | B68: SANDRA LORENA | C68: CARPIO | D68: TIROS | E68: 31 | F68: FEMENINO | G68: CHICA | J68: TAP-F1 | O68: 1
A69: 61 | B69: VALERIA | C69: RAMÍREZ | D69: ROSALES | E69: 34 | F69: FEMENINO | G69: CHICA | J69: INGENIERÍA BÁSICA / MAZATLÁN-LOS MOCHIS | O69: 1
A70: 62 | B70: MARIA FERNANDA | C70: FUENTES | D70: REYES | E70: 30 | F70: FEMENINO | G70: CHICA | J70: FRENTE 2 MEX QRO | O70: 1
A71: 63 | B71: SALMA OBED | C71: GÓMEZ | D71: DURÁN | E71: 30 | F71: FEMENINO | G71: CHICA | J71: FRENTE 2 MÉX-QRO | O71: 1
A72: 64 | B72: EDITH | C72: VELASQUEZ | D72: HERNANDEZ | E72: 33 | F72: FEMENINO | G72: CHICA | J72: ESTUDIOS IRAPUATO-GUADALAJARA | O72: 1
A73: 65 | B73: LORENA | C73: DEALMONTE | D73: ASCENCIO | E73: 26 | F73: FEMENINO | G73: CHICA | J73: ESTUDIOS INGRÍA BASICA IRAPUATO-GUADALAJARA | O73: 1
A74: 66 | B74: MARÍA DEL CARMEN | C74: MENDOZA | D74: RUBIO | E74: 33 | F74: FEMENINO | G74: MEDIANA | P74: 1
A75: 67 | B75: ANDREA | C75: HUERTA | D75: HUERTA | E75: 28 | F75: FEMENINO | G75: CHICA | J75: MESA TERRACERÍAS | O75: 1
A76: 68 | B76: KARLA RUBI | C76: DE LUCIO | D76: MONTIEL | E76: 25 | F76: FEMENINO | G76: CHICA | J76: F3 MÉX-QRO | O76: 1
A77: 69 | B77: TERESA | C77: MORALES | D77: VEGA | E77: 30 | F77: FEMENINO | G77: CHICA | J77: ITEYPF | O77: 1
A78: 70 | B78: CITLALI BERENIZE | C78: LEON | D78: CHIQUETE | E78: 23 | F78: FEMENINO | G78: CHICA | J78: RECINTO MILITAR | P78: 1
E79: CONCURSANTES | G79: =O79+P79+Q79+R79+S79 -> 70 | O79: =SUM(O9:O78) -> 43 | P79: =SUM(P9:P78) -> 24 | Q79: =SUM(Q9:Q78) -> 1 | R79: =SUM(R9:R78) -> 2 | S79: =SUM(S9:S78) -> 0

Sheet Atl-Fml-10-kms-2a
A2: 7/o Aniversario Magnas Obras
A3: Agrupamiento de Ingenieros
A4: "Felipe Angeles"
A7: A T L E T I S M O F E M E N I L " 1 0 K m s. "
A8: 3 6 A Ñ O S E N A D E L A N T E
A10: No. | B10: Nombre | C10: Apellido Paterno | D10: Apellido Materno | E10: Edad | F10: Sexo | G10: Talla de Playera | H10: No. Concursante | I10: Firma Recibido | J10: Area o Frente | K10: Banco | L10: Referencia | M10: Importe | O10: CHICA | P10: MEDIANA | Q10: GRANDE | R10: EXTRA G. | S10: XXL
A11: 1 | B11: GUADALUPE | C11: GARCÍA | D11: GARCÍA | E11: 38 | F11: FEMENINO | G11: MEDIANA | K11: BANAMEX | L11: 613555 | M11: 200 | P11: 1
A12: 2 | B12: MARA | C12: MAYA | D12: YVENES | E12: 39 | F12: FEMENINO | G12: CHICA | J12: MESA REV. ADQS Y CTL. CONTAB | O12: 1
A13: 3 | B13: PAULA | C13: OJEDA | D13: SANCHEZ | E13: 50 | F13: FEMENINO | G13: MEDIANA | J13: TERMINAL MULTIODAL PALENQUE | P13: 1
A14: 4 | B14: FABIOLA GUADALUPE | C14: BARRIENTOS | D14: JIMENEZ | E14: 42 | F14: FEMENINO | G14: CHICA | J14: TERMINAL MULTIODAL PALENQUE | O14: 1
A15: 5 | B15: THALÍA | C15: MORGADO | D15: PÉREZ | E15: 37 | F15: FEMENINO | G15: MEDIANA | J15: F2 MÉX-QRO | P15: 1
A16: 6 | B16: MARÍA BERTHA | C16: DOLORES | D16: PALMERO | E16: 41 | F16: FEMENINO | G16: MEDIANA | J16: FRENTE 4 AIFA PACHUCA | P16: 1
A17: 7 | B17: CLAUDIA | C17: MUÑOZ | D17: LOZANO | E17: 41 | F17: FEMENINO | G17: MEDIANA | P17: 1
A18: 8 | B18: MÓNICA | C18: OLGUÍN | D18: CANDELARIA | E18: 31 | F18: FEMENINO | G18: MEDIANA | J18: F2 MÉX-QRO | P18: 1
A19: 9 | B19: MARLEN | C19: MORGADO | D19: PÉREZ | E19: 41 | F19: FEMENINO | G19: GRANDE | J19: F2 MÉX-QRO | Q19: 1
H21: CONCURSANTES | I21: =O21+P21+Q21+R21+S21 -> 9 | O21: =SUM(O11:O20) -> 2 | P21: =SUM(P11:P20) -> 6 | Q21: =SUM(Q11:Q20) -> 1 | R21: =SUM(R11:R20) -> 0 | S21: =SUM(S11:S20) -> 0

Sheet Atl-Vnl-5-kms-1a
A2: 7/o Aniversario Magnas Obras
A3: Agrupamiento de Ingenieros
A4: "Felipe Angeles"
A6: A T L E T I S M O V A R O N I L " 5 K m s. "
A7: 1 8 a 3 5 A Ñ O S
A9: No. | B9: Nombre | C9: Apellido Paterno | D9: Apellido Materno | E9: Edad | F9: Sexo | G9: Talla de Playera | H9: No. Concursante | I9: Firma Recibido | J9: Area o Frente | K9: Banco | L9: Referencia | M9: Importe | O9: CHICA | P9: MEDIANA | Q9: GRANDE | R9: EXTRA G. | S9: XXL
B10: JESUS OMAR | C10: JUAREZ | D10: TOVAR | E10: 25 | F10: MASCULINO | G10: GRANDE | K10: BBVA | L10: 86688192 | M10: 200 | Q10: 1
B11: MIGUEL DE JESÚS | C11: ROBLERO | D11: CANCINO | E11: 34 | F11: MASCULINO | G11: EXTRA GRANDE | K11: AZTECA | L11: 8196287 | M11: 200 | R11: 1
B12: CARLOS DANIEL | C12: CORTES | D12: JIMENEZ. | E12: 32 | F12: MASCULINO | G12: GRANDE | K12: AZTECA | L12: 8196287 | M12: 200 | Q12: 1
B13: JOSE JUAN | C13: GONZALEZ | D13: VERA | E13: 24 | F13: MASCULINO | G13: EXTRA GRANDE | K13: AZTECA | L13: 8196287 | M13: 200 | R13: 1
B14: ERIK ALEJANDRO | C14: NOYOLA | D14: GARCIA. | E14: 35 | F14: MASCULINO | G14: GRANDE | K14: AZTECA | L14: 8196287 | M14: 200 | Q14: 1
B15: BRIAN RAFAEL | C15: RODRIGUEZ | D15: FRANCO. | E15: 32 | F15: MASCULINO | G15: EXTRA GRANDE | K15: AZTECA | L15: 8196287 | M15: 200 | R15: 1
B16: ROGELIO | C16: PEÑA | D16: CANO | E16: 24 | F16: MASCULINO | G16: MEDIANA | K16: AZTECA | L16: 8196287 | M16: 200 | P16: 1
B17: MIGUEL ANGEL | C17: URBINA | D17: HERNANDEZ | E17: 33 | F17: MASCULINO | G17: MEDIANA | K17: AZTECA | L17: 8196287 | M17: 200 | P17: 1
B18: ABRAHAM OSWALDO | C18: FLORES | D18: YATA | E18: 27 | F18: MASCULINO | G18: MEDIANA | K18: AZTECA | L18: 8196287 | M18: 200 | P18: 1
B19: JACIEL ISACK | C19: DELGADO | D19: SILVA | E19: 25 | F19: MASCULINO | G19: CHICA | K19: AZTECA | L19: 8196287 | M19: 200 | O19: 1
B20: JOSÉ CARLOS | C20: SALINAS | D20: ROJAS | E20: 26 | F20: MASCULINO | G20: XXL | K20: BBVA | L20: 61002521 | M20: 200 | S20: 1
B21: FRANCISCO JAVIER | C21: CANDANEDO | D21: ALVAREZ | E21: 35 | F21: MASCULINO | G21: MEDIANA | K21: HSBC | L21: 240926 | M21: 200 | P21: 1
B22: JOSÉ EDUARDO | C22: MENDOZA | D22: MENA | E22: 26 | F22: MASCULINO | G22: MEDIANA | K22: SANTANDER | L22: 3445804 | M22: 200 | P22: 1
B23: JONATHAN | C23: ESTRADA | D23: MONTES DE OCA | E23: 32 | F23: MASCULINO | G23: MEDIANA | K23: AZTECA | L23: 234239 | M23: 200 | P23: 1
B24: JOSE CARLOS | C24: MARTÍNEZ | D24: PÉREZ | E24: 35 | F24: MASCULINO | G24: GRANDE | K24: MERCADO PAGO | L24: 180848070354 | M24: 200 | Q24: 1
B25: FELIX | C25: ESTRADA | D25: MORALES | E25: 35 | F25: MASCULINO | G25: MEDIANA | K25: BBVA | L25: 2509260 | M25: 200 | P25: 1
B26: Carlos Enrique | C26: Hernández | D26: Serna | E26: 29 | F26: MASCULINO | G26: CHICA | K26: BBVA | L26: 77292686 | M26: 200 | O26: 1
B27: Luis Antonio | C27: Sánchez | D27: Torres | E27: 26 | F27: MASCULINO | G27: EXTRA GRANDE | K27: BBVA | L27: 94712494 | M27: 200 | R27: 1
B28: Luis Ricardo | C28: Rivera | D28: Hernández | E28: 32 | F28: MASCULINO | G28: MEDIANA | K28: BBVA | L28: 41184447 | M28: 200 | P28: 1
B29: ULISES | C29: VARGAS | D29: SANTOS | E29: 27 | F29: MASCULINO | G29: MEDIANA | J29: FRENTE 5 MÉXICO - QUERÉTARO. | K29: HSBC | L29: 260926 | M29: 200 | P29: 1
B30: OSVALDO | C30: JIMÉNEZ | D30: ANTONIO | E30: 25 | F30: MASCULINO | G30: MEDIANA | J30: MESA DE CONTROL DE CALIDAD | P30: 1
B31: HUGO | C31: BRITO | D31: ALANIS | E31: 26 | F31: MASCULINO | G31: GRANDE | J31: MESA DE ROPOGRAFÍA | K31: BBVA | L31: 34976741 | M31: 200 | Q31: 1
B32: OSCAR ALFREDO | C32: JUÁREZ | D32: HERNÁNDEZ | E32: 32 | F32: MASCULINO | G32: CHICA | J32: CONTROL INTERNO Y ADMINISTRACIÓN DE RIESGOS | K32: BBVA | L32: 61270203 | M32: 200 | O32: 1
B33: ADRIAN FERNANDO | C33: LÓPEZ | D33: AGUILAR | E33: 30 | F33: MASCULINO | G33: GRANDE | J33: CONTROL INTERNO Y ADMINISTRACIÓN DE RIESGOS | K33: BBVA | L33: 37631828 | M33: 200 | Q33: 1
B34: DUSTIN | C34: CERÓN | D34: LLERA | E34: 31 | F34: MASCULINO | G34: GRANDE | J34: TAP F1 | K34: SCOTIANBANK | L34: 2.0260926e+29 | M34: 200 | Q34: 1
B35: MARIO | C35: FLORES | D35: MUÑOZ | E35: 29 | F35: MASCULINO | G35: GRANDE | J35: RAMAL POXILÁ-MÉRIDA Y POXILÁ-HUNUCMÁ | K35: BBVA | L35: 85625389 | M35: 200 | Q35: 1
B36: JORGE | C36: LUVIANOS | D36: RAMOS | E36: 33 | F36: MASCULINO | G36: MEDIANA | J36: RAMAL POXILÁ-MÉRIDA Y POXILÁ-HUNUCMÁ | L36: 38129325 | M36: 200 | P36: 1
B37: JOSE ANTONIO | C37: MARTÍNEZ | D37: VARGAS | E37: 30 | F37: MASCULINO | G37: EXTRA GRANDE | J37: MESA RIYSA | R37: 1
B38: Ismael | C38: Flores | D38: Perales | E38: 34 | F38: MASCULINO | G38: MEDIANA | J38: Frente 1 TPMP | P38: 1
B39: ASIEL | C39: VALDES | D39: COSIO | E39: 27 | F39: MASCULINO | G39: GRANDE | J39: MESA REPOSICIÓN DE INFRAESTRUCTURA Y SERVICIOS AFECTADOS | Q39: 1
B40: Víctor Alberto Jandete Torres | E40: 30 | F40: MASCULINO | G40: GRANDE | J40: Mesa de Control Interno y Admon Riesgos. | Q40: 1
B41: FABIÁN ARTURO | C41: RESENDIS | D41: MARTÍNEZ | E41: 31 | F41: MASCULINO | G41: EXTRA GRANDE | J41: MESA DE COMBUSTIBLES Y LUBRICANTES. | R41: 1
B42: MISAEL ISAIAS TREJO GUERRERO | E42: 26 | F42: MASCULINO | G42: XXL | J42: TERMINAL DE CARGA PROGRESO | S42: 1
B43: Esaú | C43: González | D43: Reyes | E43: 25 | F43: MASCULINO | G43: MEDIANA | J43: Mesa de Estimaciones | P43: 1
B44: Victor Hugo Corona Hernández | E44: 27 | F44: MASCULINO | G44: GRANDE | J44: Mesa de predios y derecho de vía | Q44: 1
B45: Cristian Josue Gijon Camacho | E45: 29 | F45: MASCULINO | G45: MEDIANA | J45: Frente 2 Mex-Qro | P45: 1
B46: Raúl Reyes Hernández | E46: 30 | G46: MEDIANA | J46: Frente 4 Méx-Qro | P46: 1
B47: JORGE ARMANDO | C47: ARELLANO | D47: TELLEZ | E47: 35 | F47: MASCULINO | G47: EXTRA GRANDE | J47: MESA DE SEGURIDAD Y SALUD EN EL TRABAJO | K47: BANCO AZTECA | M47: 600 | R47: 1
B48: JULIO CÉSAR | C48: HERNÁNDEZ | D48: RODRÍGUEZ | E48: 28 | F48: MASCULINO | G48: GRANDE | J48: MESA R.H. | K48: BANCO AZTECA | L48: 2609280111068904367H | M48: 1200 | Q48: 1
B49: JAVIER | C49: SANTAMARIA | D49: LARA | E49: 29 | F49: MASCULINO | G49: MEDIANA | J49: MESA R.H. | K49: BANCO AZTECA | L49: 2609280111068904367H | M49: 1200 | P49: 1
B50: HILSE DE JESÚS | C50: CHINO | D50: VELÁZQUEZ | E50: 27 | F50: MASCULINO | G50: EXTRA CHICA | J50: Mesa de predios y derecho de vía | K50: BBVA | L50: 97681258 | M50: 200 | O50: 1
B51: JONATHAN IVAN | C51: NERY | D51: PARADA | E51: 27 | F51: MASCULINO | G51: MEDIANA | J51: ITEPA Y CAF | K51: BBVA | L51: 58746899 | M51: 200 | P51: 1
B52: ALEXANDRO VALENTIN | C52: VÁZQUEZ | D52: LUGO | E52: 27 | F52: MASCULINO | G52: GRANDE | J52: MESA TIC | K52: BBVA | L52: 62049129 | M52: 200 | Q52: 1
B53: Juan Enrique | C53: Lopez | D53: Tellez | E53: 27 | F53: MASCULINO | G53: MEDIANA | J53: Aeronáutica/ITEPAyCaF | P53: 1
B54: Adair | C54: Arenas | D54: Romero | E54: 27 | F54: MASCULINO | G54: GRANDE | Q54: 1
B55: ADRIAN | C55: COBOS | D55: LOMAS | E55: 28 | F55: MASCULINO | G55: XXL | J55: ITEYPF MESA DE PLATAFORMA Y VÍA | S55: 1
B56: ALAN TOMAS | C56: HERNÁNDEZ | D56: ARANDA | E56: 23 | F56: MASCULINO | G56: MEDIANA | J56: ITEYPF MESA DE PLATAFORMA Y VÍA | P56: 1
B57: ALEXIS | C57: COBOS | D57: LOMAS | E57: 28 | F57: MASCULINO | G57: XXL | J57: ITEYPF MESA DE PLATAFORMA Y VÍA | S57: 1
B58: ARAM | C58: SÁNCHEZ | D58: VELÁZQUEZ | E58: 22 | F58: MASCULINO | G58: MEDIANA | J58: ITEyPF MESA DE PLATAFORMA Y VÍA | P58: 1
B59: David Antonio | C59: Ortega | D59: Xicotencatl | E59: 31 | F59: MASCULINO | G59: MEDIANA | J59: Mesa de Transportes | P59: 1
B60: PEDRO | C60: SALCEDO | D60: FABELA | E60: 26 | F60: MASCULINO | G60: GRANDE | J60: F-10 MEX-QRO | Q60: 1
B61: ALEJANDRO | C61: REYES | D61: ORTEGA | E61: 25 | F61: MASCULINO | G61: EXTRA GRANDE | J61: F-10 MEX-QRO | R61: 1
B62: PAOLO | C62: GARCIA | D62: RODRIGUEZ | E62: 26 | F62: MASCULINO | G62: EXTRA GRANDE | J62: F-10 MEX-QRO | R62: 1
B63: DANIEL ALBERTO | C63: LOPEZ | D63: GOMEZ | E63: 24 | F63: MASCULINO | G63: EXTRA GRANDE | J63: F-10 MEX-QRO | R63: 1
B64: GUILLERMO ABIASAF | C64: CASASOLA | D64: PEDRAZA | E64: 22 | F64: MASCULINO | G64: EXTRA GRANDE | J64: F-10 MEX-QRO | R64: 1
B65: CESAR ARMANDO | C65: MENDEZ | D65: LOZADA | E65: 31 | F65: MASCULINO | G65: GRANDE | J65: F-10 MEX-QRO | Q65: 1
B66: YAIR | C66: BOCARDO | D66: URRUTIA | E66: 30 | F66: MASCULINO | G66: GRANDE | J66: MIC | Q66: 1
B67: LUIS | C67: LOPEZ | D67: REAL | E67: 27 | F67: MASCULINO | G67: MEDIANA | J67: F2 TAP | P67: 1
B68: CHRISTIAN ISAAC | C68: BUSTAMANTE | D68: GONZÁLEZ | E68: 25 | F68: MASCULINO | G68: GRANDE | J68: FRENTE 7 POXILA - MÉRIDA | Q68: 1
B69: FABIAN SANTOS | C69: LEON | D69: REBOLLO | E69: 26 | F69: MASCULINO | G69: GRANDE | Q69: 1
B70: Ivan Alonso | C70: solorzano | D70: Flores | E70: 35 | F70: MASCULINO | G70: GRANDE | J70: Frente 1 tren México-Queretaro | Q70: 1
B71: FRANCISCO JAVIER | C71: MEJÍA | D71: CANTERA | E71: 35 | F71: MASCULINO | G71: MEDIANA | J71: INFRAESTRUCTURA FERROVIARIA EN EL NORTE DEL PAÍS, LÍNEA FÉRREA AIFA-PACHUCA, FRENTE 1 | P71: 1
B72: WILBER ALARI | C72: DIAZ | D72: CALVA | E72: 29 | G72: MEDIANA | J72: MESA DE TOPOGRAFÍA LIDAR Y FOTOGRAMETRÍA | P72: 1
B73: RICARDO | C73: SOTO | D73: CASTAÑÓN | E73: 23 | G73: GRANDE | J73: FRENTE: 7 | Q73: 1
B74: David | C74: Salmoran | D74: Miguel | E74: 30 | G74: GRANDE | J74: Mesa de revs. Adqs. Y Ctrl contable | Q74: 1
B75: CARLOS | C75: QUEZADA | D75: PEÑALOZA | E75: 27 | F75: MASCULINO | G75: GRANDE | J75: RAMAL POXILA-MÉRIDA Y POXILÁ-HUNUCMÁ | Q75: 1
B76: ABRAHAM | C76: PÉREZ | D76: PUERTOS | E76: 27 | F76: MASCULINO | G76: MEDIANA | J76: MESA PREDIOS Y DDV | P76: 1
B77: ANTONIO DE JESÚS | C77: CAMPOS | D77: SANTILLAN | E77: 29 | F77: MASCULINO | G77: MEDIANA | J77: F5 MEX-QRO | P77: 1
B78: JOSÉ FERNANDO | C78: RUBIO | D78: AGUILAR | E78: 28 | F78: MASCULINO | G78: EXTRA GRANDE | J78: MESA AUDITORIAS | R78: 1
B79: ADRIÁN | C79: GUTIERRÉZ | D79: PADILLA | E79: 27 | F79: MASCULINO | G79: MEDIANA | J79: EYP | P79: 1
B80: GUILLERMO | C80: DOMINGUEZ | D80: ARCETA | E80: 33 | F80: MASCULINO | G80: MEDIANA | J80: EYP | P80: 1
B81: RODRIGO | C81: GARCÍA | D81: BARON | E81: 25 | F81: MASCULINO | G81: MEDIANA | J81: F5 MEX-QRO | P81: 1
B82: ERIK JONATHAN | C82: CORONA | D82: HERNÁNDEZ | E82: 27 | F82: MASCULINO | G82: GRANDE | J82: F6 MÉX-QRO | Q82: 1
B83: ANTONIO DANIEL | C83: SANTIAGO | D83: HERNÁNDEZ | E83: 27 | F83: MASCULINO | G83: CHICA | J83: RAMAL POXILA-MÉRIDA Y POXILÁ-HUNUCMÁ | O83: 1
B84: TLAPA | C84: PALACIOS | E84: 26 | F84: MASCULINO | G84: XXL | J84: F5 MEX-QRO | S84: 1
B85: ARTURO IVAN | C85: MAYORGA | D85: CAMPOS | E85: 26 | F85: MASCULINO | G85: MEDIANA | J85: MESA REV. ADQS. Y CTL. CONTAB | P85: 1
B86: ARTURO | C86: PALACIOS | D86: GONZÁLEZ | E86: 35 | F86: MASCULINO | G86: GRANDE | J86: F2 MÉX-QRO | Q86: 1
B87: ANTONIO DE JESÚS | C87: PÉREZ | D87: MÉNDEZ | E87: 35 | F87: MASCULINO | G87: MEDIANA | J87: MESA REV. ADQS. Y CTL. CONTAB | P87: 1
B88: MARCO ANTONIO | C88: GUTIERREZ | D88: RABADAN | E88: 29 | F88: MASCULINO | G88: MEDIANA | J88: TERMINAL MULTIMODAL CANCÚN | P88: 1
B89: OSVALDO | C89: CABRERA | D89: RIOS | E89: 29 | F89: MASCULINO | G89: EXTRA GRANDE | J89: MESA DE PREDIOS Y DERECHO DE VIA | R89: 1
B90: ARTURO | C90: PALACIOS | D90: GONZÁLEZ | E90: 35 | G90: GRANDE | J90: Frente 2 México - Querétaro. | Q90: 1
B91: Antonio de Jesús | C91: Pérez | D91: Méndez | E91: 35 | G91: MEDIANA | J91: MESA REVISIÓN DE ADQUISICIONES Y CONTROL CONTABLE | P91: 1
B92: Marco Antonio | C92: Gutierrez | D92: Rabadan | E92: 29 | G92: MEDIANA | J92: Terminal Multimodal Cancún | P92: 1
B93: Salvador Robledo | C93: Robledo | D93: Zavala | E93: 29 | G93: MEDIANA | J93: Frente 9 SJR | P93: 1
B94: Osvaldo | C94: Cabrera | D94: Rios | E94: 29 | G94: EXTRA GRANDE | J94: MESA REVISIÓN DE ADQUISICIONES Y CONTROL CONTABLE | R94: 1
B95: DIEGO | C95: VAZQUEZ | D95: HERNANDEZ | E95: 30 | G95: GRANDE | J95: F1 MEX QRO. | Q95: 1
B96: RUBEN ISAI | C96: ESCOBAR | D96: CHAVEZ | E96: 30 | G96: EXTRA GRANDE | J96: TERMINAL MULTIMODAL CANCÚN | R96: 1
B97: LUIS FERNANDO | C97: ARISMENDI | D97: HERNANDEZ | E97: 30 | G97: MEDIANA | J97: MESA COMUNICACIÓN SOCIAL | P97: 1
B98: LERONARDO MOISES | C98: PEREZ | D98: GARCIA | E98: 32 | G98: GRANDE | J98: F5 TQM | Q98: 1
B99: JASAEL | C99: CRESPO | D99: BNAVAL | E99: 33 | G99: MEDIANA | J99: MESA REVISIÓN DE ADQUISICIONES Y CONTROL CONTABLE | P99: 1
B100: IRÁN ANTONIO | C100: VASQUEZ | D100: ARANGO | E100: 30 | F100: MASCULINO | G100: MEDIANA | J100: FRENTE 4 AIFA PACHUCA | P100: 1
B101: ERICK IVÁN | C101: RAMIREZ | D101: LUCATERO | E101: 35 | F101: MASCULINO | G101: MEDIANA | J101: FRENTE 4 AIFA PACHUCA | P101: 1
B102: JULIO CÉSAR | C102: HERRERA | D102: HERNÁNDEZ | E102: 35 | F102: MASCULINO | G102: MEDIANA | J102: FRENTE 4 AIFA PACHUCA | P102: 1
B103: ALEJANDRO | C103: GUTIERREZ | D103: LOAIZA | E103: 33 | F103: MASCULINO | G103: MEDIANA | J103: FRENTE 4 AIFA PACHUCA | P103: 1
...

Sheet Atl-Vnl-5-kms-2a
A1: 7/o Aniversario Magnas Obras
A2: Agrupamiento de Ingenieros
A3: "Felipe Angeles"
A4: A T L E T I S M O V A R O N I L " 5 K m s. "
A5: 3 6 A Ñ O S E N A D E L A N T E
A7: No. | B7: Nombre | C7: Apellido Paterno | D7: Apellido Materno | E7: Edad | F7: Sexo | G7: Talla de Playera | H7: No. Concursante | I7: Firma Recibido | J7: Area o Frente | K7: Banco | L7: Referencia | M7: Importe | O7: CHICA | P7: MEDIANA | Q7: GRANDE | R7: EXTRA G. | S7: XXL
B8: SAID | C8: PIOQUINTO | D8: VARGAS | E8: 49 | F8: MASCULINO | G8: GRANDE | K8: BBVA | L8: 86688192 | M8: 200 | Q8: 1
B9: JOSÉ JULIÁN | C9: SANTANA | D9: ZAMORA | E9: 39 | F9: MASCULINO | G9: MEDIANA | K9: AZTECA | L9: 8196287 | M9: 200 | P9: 1
B10: DAVID ZARATE GUZMAN | C10: ZARATE | D10: GUZMAN | E10: 48 | F10: MASCULINO | G10: GRANDE | K10: AZTECA | L10: 8196287 | M10: 200 | Q10: 1
B11: ISRAEL | C11: PEREZ | D11: HERNANDEZ | E11: 38 | F11: MASCULINO | G11: MEDIANA | K11: AZTECA | L11: 8196287 | M11: 200 | P11: 1
B12: MARIO ALEJANDRO | C12: HERNANDEZ | D12: GARCIA | E12: 48 | F12: MASCULINO | G12: XXL | K12: AZTECA | L12: 8196287 | M12: 200 | S12: 1
B13: FERNANDO | C13: JERÓNIMO | D13: ACHIQUEN | E13: 45 | F13: MASCULINO | G13: MEDIANA | K13: MERCADO P. | L13: 180750656894 | M13: 200 | P13: 1
B14: ERICK FAUSTINO | C14: SÁNCHEZ | D14: OCHOA | E14: 48 | F14: MASCULINO | G14: GRANDE | K14: MERCADO P. | L14: 179823038643 | M14: 200 | Q14: 1
B15: CARLOS ALBERTO | C15: MIX | D15: ZAPATA | E15: 50 | F15: MASCULINO | G15: MEDIANA | K15: BBVA | L15: 35424120 | M15: 200 | P15: 1
B16: ERNESTO DANIEL | C16: ROMERO | D16: CASTILLO | E16: 36 | F16: MASCULINO | G16: GRANDE | K16: BBVA | L16: 59242080 | M16: 200 | Q16: 1
B17: ISMAEL | C17: GARCÍA | D17: GARCÍA | E17: 38 | F17: MASCULINO | G17: MEDIANA | K17: BBVA | L17: 67838612 | M17: 200 | P17: 1
B18: SAUL | C18: CASTÁN | D18: MORALES | E18: 54 | F18: MASCULINO | G18: GRANDE | K18: AZTECA | L18: 815914 | M18: 200 | Q18: 1
B19: Albert | C19: Ramirez | D19: Riras | E19: 68 | F19: MASCULINO | G19: MEDIANA | K19: Depósito OXXO | L19: 6287 | M19: 200 | P19: 1
B20: EDGAR | C20: TORRES | D20: MARTINEZ | E20: 41 | F20: MASCULINO | G20: CHICA | K20: BANCOPPEL | L20: 50111670TRANSBPI79914246 | M20: 200 | O20: 1
B21: ERIK | C21: TORRES | D21: MARTINEZ | E21: 41 | F21: MASCULINO | G21: MEDIANA | K21: BANCOPPEL | L21: 50111670TRANSBPI79822866 | M21: 200 | P21: 1
B22: JOSÉ GERARDO | C22: GARCÍA | D22: MELENDEZ | E22: 56 | F22: MASCULINO | G22: MEDIANA | K22: BANCOPPEL | L22: 50118163TRANSBPI79751746 | M22: 200 | P22: 1
B23: JOSÉ ÁNGEL | C23: MARIN | D23: CRUZ | E23: 53 | F23: MASCULINO | G23: GRANDE | K23: BANCOPPEL | L23: 50117838TRANSBPI81152812 | M23: 200 | Q23: 1
B24: ARTURO | C24: ÁVILA | D24: PÉREZ | E24: 58 | F24: MASCULINO | G24: GRANDE | K24: BBVA | L24: 46904645 | M24: 200 | Q24: 1
B25: ERNESTO | C25: ROMERO | D25: CASTILLO | E25: 36 | F25: MASCULINO | G25: GRANDE | J25: MIC | K25: BBVA | L25: 59242080 | M25: 200 | Q25: 1
B26: ERICK | C26: NERY | D26: GARCÍA | E26: 45 | F26: MASCULINO | G26: GRANDE | K26: SANTANDER | L26: 2895717 | M26: 200 | Q26: 1
B27: ORLANDO | C27: ARELLANO | D27: MIRANDA | E27: 61 | F27: MASCULINO | G27: MEDIANA | J27: MESA REVISIÓN DE ADQUISICIONES Y CONTROL CONTABLE | K27: BANCOPPEL | L27: 50116736TRANSBPI9533850 | M27: 200 | P27: 1
B28: CARLOS ANTONIO | C28: GÓMEZ | D28: LUCAS | E28: 56 | F28: MASCULINO | G28: MEDIANA | J28: MESA DE TRANSPORTES | K28: SPIN OXXO | L28: SPIN-20260928153403GD23ST8E | M28: 200 | P28: 1
B29: MAURICIO JESÚS | C29: SUÁREZ | D29: DÍAZ | E29: 60 | F29: MASCULINO | G29: EXTRA GRANDE | J29: REPOSICIÓN DE INFRAESTRUCTURA Y SERVICIOS AFECTADOS | K29: BBVA | L29: 42966843 | M29: 200 | R29: 1
B30: Neftalee Oscar Soto Diaz | E30: 36 | F30: MASCULINO | G30: MEDIANA | J30: Control Interno y Administración de Riesgos. | P30: 1
B31: Ruben Rodríguez Ramirez, | E31: 62 | F31: MASCULINO | G31: GRANDE | J31: Control Interno y Administración de Riesgos. | Q31: 1
B32: Israel | C32: Benítez | D32: Nava | E32: 43 | F32: MASCULINO | G32: MEDIANA | J32: Mesa de Estimaciones | P32: 1
B33: TOMÁS | C33: LOPEZ | D33: VÁZQUEZ | E33: 38 | F33: MASCULINO | G33: EXTRA GRANDE | J33: Control Interno y Administración de Riesgos. | R33: 1
B34: HUGO | C34: TAPIA | D34: COLIN. | E34: 39 | F34: MASCULINO | G34: MEDIANA | J34: MESA DE COMBUSTIBLES Y LUBRICANTES. | P34: 1
B35: JULIO CÉSAR | C35: MORALES | D35: LIMÓN | E35: 30 | F35: MASCULINO | G35: GRANDE | J35: Frente 7 Ramal | Q35: 1
B36: GUSTAVO | C36: ORTIZ | D36: AVILA | E36: 38 | F36: MASCULINO | G36: MEDIANA | J36: MESA MIC | K36: BBVA | L36: 97807908 | M36: 200 | P36: 1
B37: VALENTIN | C37: RAMOS | D37: TOMAS | E37: 44 | F37: MASCULINO | G37: MEDIANA | J37: MESA DE SEGURIDAD Y SALUD EN EL TRABAJO | K37: BANCO AZTECA | M37: 600 | P37: 1
B38: OSCAR | C38: RAMÍREZ | D38: CONTRERAS | E38: 55 | F38: MASCULINO | G38: GRANDE | J38: MESA R.H. | K38: BANCO AZTECA | L38: 2609280111068904367H | M38: 1200 | Q38: 1
B39: PEDRO | C39: CRUZ | D39: GUZMAN | E39: 50 | F39: MASCULINO | G39: GRANDE | J39: TERMINAL MULTIMODAL PALENQUE | Q39: 1
B40: ANTONIO | C40: VIXTHA | D40: HERNANDEZ | E40: 36 | F40: MASCULINO | G40: MEDIANA | J40: TERMINAL MULTIMODAL PALENQUE | P40: 1
B41: Frankie | C41: Torres | D41: Barrios | E41: 43 | F41: MASCULINO | G41: GRANDE | J41: Mesa de Transportes | Q41: 1
B42: FERNANDO | C42: SANCHEZ | D42: LUNA | E42: 56 | F42: MASCULINO | G42: GRANDE | J42: F-10 MEX-QRO | Q42: 1
B43: Octavio Alfonso | C43: García | D43: Cruz | E43: 39 | G43: MEDIANA | J43: Control de Almacenes y Suministros | P43: 1
B44: Fernando Samuel | C44: Lara | D44: Monzon | E44: 52 | G44: GRANDE | J44: Control de Almacenes y Suministros | Q44: 1
B45: Pedro | C45: Alavez | D45: Marinez | E45: 41 | G45: GRANDE | J45: Control de Almacenes y Suministros | Q45: 1
B46: JAVIER | C46: LARA | D46: LARA | E46: 62 | G46: GRANDE | J46: REVISIÓN DE ADQS. Y CONTROL CONTABLE | Q46: 1
B47: Adolfo | C47: Olvera | D47: Ibarra | E47: 54 | G47: MEDIANA | J47: REVISIÓN DE ADQS. Y CONTROL CONTABLE | P47: 1
B48: Jorge Guadalupe | C48: Lopez | D48: Deloza | E48: 47 | G48: GRANDE | J48: REVISIÓN DE ADQS. Y CONTROL CONTABLE | Q48: 1
B49: ANGEL | C49: SÁNCHEZ | D49: MENDOZA | E49: 39 | G49: GRANDE | J49: FRENTE: 7 RAMALES POXILA MÉRIDA- POXILA HUNUCMA. | Q49: 1
B50: ALFREDO | C50: ALVAREZ | D50: GUZMAN | E50: 53 | G50: GRANDE | J50: REVISIÓN DE ADQS. Y CONTROL CONTABLE | Q50: 1
B51: Salvador | C51: Hernández | D51: Martínez | E51: 60 | G51: MEDIANA | J51: REVISIÓN DE ADQS. Y CONTROL CONTABLE | P51: 1
B52: Luis Alberto | C52: Ortega | D52: Carballo | E52: 51 | G52: GRANDE | J52: REVISIÓN DE ADQS. Y CONTROL CONTABLE | Q52: 1
B53: MARCO ANTONIO | C53: HERNÁNDEZ | D53: ORTIZ | E53: 37 | F53: MASCULINO | G53: MEDIANA | J53: CATVI’S T-4 | P53: 1
B54: ARTURO | C54: VIERA | D54: RODRÍGUEZ | E54: 55 | F54: MASCULINO | G54: MEDIANA | J54: F5 MEX-QRO | P54: 1
B55: ANDRÉS | C55: MENDOZA | D55: LEDEZMA | E55: 54 | F55: MASCULINO | G55: GRANDE | J55: MESA REVISIÓN DE ADQUISICIONES Y CONTROL CONTABLE | Q55: 1
B56: GERARDO CESAR | C56: EGUIARTE | D56: QUIROZ | E56: 46 | F56: MASCULINO | G56: GRANDE | J56: ESTUDIOS Y PROYECTOS | Q56: 1
B57: JULIO CÉSAR | C57: CERON | D57: LUNA | E57: 36 | F57: MASCULINO | G57: CHICA | J57: MESA REVISIÓN DE ADQUISICIONES Y CONTROL CONTABLE | O57: 1
B58: MARIN | C58: RAMÍREZ | D58: DÍAZ | E58: 58 | F58: MASCULINO | G58: MEDIANA | J58: ATENCIÓN A AUDITORÍAS | P58: 1
B59: JOSÉ ALBERTO | C59: ERAZO | D59: CANCINO | E59: 36 | F59: MASCULINO | G59: GRANDE | J59: MESA REVISIÓN DE ADQUISICIONES Y CONTROL CONTABLE | Q59: 1
B60: JORGE IVAN | C60: DÍAZ | D60: GONZÁLEZ | E60: 38 | F60: MASCULINO | G60: CHICA | J60: TERMINAL MULTIMODAL CANCÚN | O60: 1
B61: RAÚL | C61: LÓPEZ | D61: NAJERA | E61: 57 | F61: MASCULINO | G61: GRANDE | J61: MESA TIC | Q61: 1
B62: JOSÉ IVAN | C62: GONZÁLEZ | D62: ANGUIANO | E62: 39 | F62: MASCULINO | G62: GRANDE | J62: MESA REVISIÓN DE ADQUISICIONES Y CONTROL CONTABLE | Q62: 1
B63: JOSE ALBERTO | C63: ERAZO | D63: CANCINO | E63: 36 | G63: GRANDE | J63: MESA REVISIÓN DE ADQUISICIONES Y CONTROL CONTABLE | Q63: 1
B64: Jorge Ivan | C64: Díaz | D64: González | E64: 38 | G64: CHICA | J64: TERMIANL CARGA CANCUN | O64: 1
B65: AURORA | C65: ESTRADA | D65: ABURTO | E65: 41 | G65: GRANDE | J65: MESA REVISIÓN DE ADQUISICIONES Y CONTROL CONTABLE | Q65: 1
B66: RAUL | C66: LOPEZ | D66: NAJERA | E66: 57 | G66: GRANDE | Q66: 1
B67: TAURINO | C67: MARTINEZ | D67: DOMINGUEZ | E67: 54 | G67: GRANDE | J67: MESA REVISIÓN DE ADQUISICIONES Y CONTROL CONTABLE | Q67: 1
B68: JOSE IVAN | C68: GONZALEZ | D68: ANGUIANO | E68: 39 | G68: GRANDE | J68: MESA REVISIÓN DE ADQUISICIONES Y CONTROL CONTABLE | Q68: 1
B69: RAUL | C69: LOPEZ | D69: NAJERA | E69: 57 | G69: GRANDE | J69: MESA TIC | Q69: 1
B70: ROGELIO | C70: RODRIGUEZ | D70: NATIVIDAD | E70: 51 | G70: GRANDE | J70: ING. BAS. LINEA FERREA MAZATLAN LOS MOCHIS | Q70: 1
B71: MAURILIO | C71: ISIDRO | D71: PERALTA | E71: 49 | G71: GRANDE | J71: F5 AIFA PACHUCA | Q71: 1
B72: RODOLFO | C72: ELIZONDO | D72: SERRANO | E72: 54 | F72: MASCULINO | G72: XXL | J72: FRENTE 4 AIFA PACHUCA | S72: 1
B73: DAVID RODOLFO | C73: DOMINGUEZ | D73: ORTEGA | E73: 38 | F73: MASCULINO | G73: MEDIANA | J73: FRENTE 4 AIFA PACHUCA | P73: 1
B74: FEDERICO ARTEMIO | C74: NIETO | D74: XIMELO | E74: 38 | F74: MASCULINO | G74: MEDIANA | J74: FRENTE 4 AIFA PACHUCA | P74: 1
B75: ENEDINO | C75: SALAS | D75: VARGAS | E75: 46 | F75: MASCULINO | G75: MEDIANA | J75: FRENTE 4 AIFA PACHUCA | P75: 1
B76: IVÁN MARIO | C76: CALDERÓN | D76: CRUZ | E76: 40 | F76: MASCULINO | G76: GRANDE | J76: FRENTE 4 AIFA PACHUCA | Q76: 1
B77: MARCELINO | C77: CABRERA | D77: ROJAS | E77: 38 | F77: MASCULINO | G77: MEDIANA | J77: FRENTE 4 AIFA PACHUCA | P77: 1
B78: JOSÉ LUIS | C78: PIÑA | D78: LUGO | E78: 40 | F78: MASCULINO | G78: MEDIANA | J78: FRENTE 4 AIFA PACHUCA | P78: 1
B79: IVÁN | C79: CRUZ | D79: RODRIGUEZ | E79: 38 | F79: MASCULINO | G79: MEDIANA | J79: FRENTE 4 AIFA PACHUCA | P79: 1
B80: JOSÉ ANTONIO | C80: RENDON | D80: MEZA | E80: 38 | F80: MASCULINO | G80: XXL | J80: FRENTE 4 AIFA PACHUCA | S80: 1
B81: LUIS ÁNGEL | C81: ESTRADA | D81: HERNÁNDEZ | E81: 39 | F81: MASCULINO | G81: XXL | J81: FRENTE 4 AIFA PACHUCA | S81: 1
B82: ADRIÁN ALEXANDER | C82: HERNANDEZ | D82: MARTINEZ | E82: 36 | F82: MASCULINO | G82: MEDIANA | J82: FRENTE 4 AIFA PACHUCA | P82: 1
B83: OSCAR | C83: ASTUDILLO | D83: VISUET | E83: 36 | F83: MASCULINO | G83: CHICA | J83: FRENTE 4 AIFA PACHUCA | O83: 1
B85: JESÚS MIGUEL | C85: CRUZ | D85: CETINA | E85: 38 | F85: MASCULINO | G85: GRANDE | J85: CENTRO DE TRANSFERENCIA DE CARGA POXILÁ | Q85: 1
B86: LUIS ENRIQUE | C86: HERNÁNDEZ | D86: SALINAS | E86: 43 | F86: MASCULINO | G86: GRANDE | J86: AIFA-PACHUCA, SUBESTACIÓN DE TRACCIÓN F2 | Q86: 1
B87: DANIEL | C87: MARTINEZ | D87: RAMOS | E87: 45 | F87: MASCULINO | G87: GRANDE | J87: FRENTE 6 TAP | Q87: 1
B88: MARTIN | C88: GARCÍA | D88: BAUTISTA | E88: 42 | F88: MASCULINO | G88: MEDIANA | J88: FRENTE 6 TAP | P88: 1
B89: JOSÉ ARMANDO | C89: SOCKERT | D89: HERNANDEZ | E89: 53 | F89: MASCULINO | G89: MEDIANA | J89: TPMPF1 | P89: 1
B90: JOSÉ LUIS | C90: LANDA | D90: SANTANA | E90: 36 | F90: MASCULINO | G90: CHICA | J90: POXILÁ | O90: 1
B91: LUIS | C91: MENDOZA | D91: JUÁREZ | E91: 55 | F91: MASCULINO | G91: XXXL | J91: MIC | S91: 1
B92: DIEGO MISHAEL | C92: MARQUEZ | D92: SALAS | E92: 41 | F92: MASCULINO | G92: GRANDE | J92: SUBJFA. LOGISTICA | Q92: 1
B93: GERARDO | C93: PEÑA | D93: AGUILAR | E93: 40 | F93: MASCULINO | G93: GRANDE | J93: MESA REV. ADQS. Y CTL. CONTAB. | Q93: 1
B94: JAIME GERARDO | C94: GARCÍA | D94: MARTÍNEZ | E94: 37 | F94: MASCULINO | G94: MEDIANA | J94: F1 AIFA-PACHUCA, SUBESTACIÓN DE TRACCIÓN | P94: 1
B95: JUVENTINO | C95: GONZÁLEZ | D95: QUINTANA | E95: 52 | F95: MASCULINO | G95: EXTRA GRANDE | J95: MESA REV. ADQS. Y CTL. CONTAB. | R95: 1
B97: JOSÉ ROBERTO | C97: RODRIGUEZ | D97: TOVAR | E97: 41 | F97: MASCULINO | G97: GRANDE | J97: TERMINAL MULTIMODAL CANCÚN | Q97: 1
B98: GUILLERMO | C98: VILLALOBOS | D98: VARGAS | E98: 56 | F98: MASCULINO | G98: MEDIANA | J98: MESA DE CAMPAMENTO | P98: 1
B99: JORGE DE JESÚS | C99: DURAN | E99: 55 | F99: MASCULINO | G99: GRANDE | J99: MESA DE CAMPAMENTO | Q99: 1
B100: JOSÉ FERNANDO | C100: GARCÍA | D100: JUAREZ | E100: 41 | F100: MASCULINO | G100: MEDIANA | J100: MESA DE CAMPAMENTO | P100: 1
B101: CARLOS | C101: SEGURA | D101: MARQUEZ | E101: 52 | F101: MASCULINO | G101: MEDIANA | J101: MESA DE CAMPAMENTO | P101: 1
B102: JOSÉ DIEGO | C102: MENDOZA | D102: RAMOS | E102: 46 | F102: MASCULINO | G102: MEDIANA | J102: MESA DE CAMPAMENTO | P102: 1
B103: Oliver | C103: Cruz | D103: Fajardo | E103: 56 | F103: MASCULINO | G103: GRANDE | Q103: 1
...

Sheet Atl-Vnl-10-kms-1a
A1: 7/o Aniversario Magnas Obras
A2: Agrupamiento de Ingenieros
A3: "Felipe Angeles"
A4: A T L E T I S M O V A R O N I L " 1 0 K m s. "
A5: 1 8 a 3 5 A Ñ O S
A7: No. | B7: Nombre | C7: Apellido Paterno | D7: Apellido Materno | E7: Edad | F7: Sexo | G7: Talla de Playera | H7: No. Concursante | I7: Firma Recibido | J7: Area o Frente | K7: Banco | L7: Referencia | M7: Importe | O7: CHICA | P7: MEDIANA | Q7: GRANDE | R7: EXTRA G. | S7: XXL
B8: JOSE LUIS | C8: CAMACHO | D8: CAZAREZ | E8: 27 | F8: MASCULINO | G8: GRANDE | K8: MERCADO PAGO | L8: 179685761979 | M8: 200 | Q8: 1
B9: ALEX JAIR | C9: SOLIS | D9: VILLA | E9: 25 | F9: MASCULINO | G9: MEDIANA | J9: MESA TIC | K9: MERCADO PAGO | L9: 179689802855 | M9: 200 | P9: 1
B10: ANGEL EMMANUEL | C10: ESTRELLA | D10: RAJÓN | E10: 26 | F10: MASCULINO | G10: GRANDE | J10: MESA TIC | K10: BBVA | L10: 63458234 | M10: 200 | Q10: 1
B11: ABRAHAM | C11: SANCHEZ | D11: RIVERA | E11: 29 | F11: MASCULINO | G11: GRANDE | K11: AZTECA | L11: 8196287 | M11: 200 | Q11: 1
B12: OSWALDO | C12: OSORIO | D12: PEÑAFLOR | E12: 49 | F12: MASCULINO | G12: MEDIANA | K12: BANAMEX | L12: 604797 | M12: 200 | P12: 1
B13: ISRAEL AYRTON | C13: BAUTISTA | D13: ANDRADE | E13: 32 | F13: MASCULINO | G13: CHICA | J13: FRENTE 3 TRAMO 7 | K13: BBVA | L13: 3751580 | M13: 200 | O13: 1
B14: Gerardo | C14: Rodriguez | D14: Avilés | E14: 34 | F14: MASCULINO | G14: GRANDE | K14: BBVA | L14: 72854302 | M14: 2600 | Q14: 1
B15: Samuel | C15: Valadez | D15: Pérez | E15: 26 | F15: MASCULINO | G15: MEDIANA | K15: BBVA | L15: 72854302 | M15: 2600 | P15: 1
B16: Benhur Roberto | C16: Éboli | D16: Román | E16: 31 | F16: MASCULINO | G16: MEDIANA | K16: BBVA | L16: 72854302 | M16: 2600 | P16: 1
B17: Héctor Abraham | C17: Arias | D17: Bautista | E17: 30 | F17: MASCULINO | G17: EXTRA GRANDE | K17: BBVA | L17: 72854302 | M17: 2600 | R17: 1
B18: Jafet Aldair | C18: Bustor | D18: Aguilar | E18: 28 | F18: MASCULINO | G18: EXTRA GRANDE | K18: BBVA | L18: 72854302 | M18: 2600 | R18: 1
B19: Francisco Javier | C19: Miranda | D19: Ixta | E19: 28 | F19: MASCULINO | G19: XXL | K19: BBVA | L19: 72854302 | M19: 2600 | S19: 1
B20: Idar | C20: Alexis | D20: Martínez | E20: 30 | F20: MASCULINO | G20: GRANDE | K20: BBVA | L20: 72854302 | M20: 2600 | Q20: 1
B21: Luis Jesus Joatan | C21: Leon | D21: Angeles | E21: 29 | F21: MASCULINO | G21: GRANDE | K21: BBVA | L21: 65315723 | M21: 600 | Q21: 1
B22: Francisco | C22: Olguín | D22: Holguín | E22: 33 | F22: MASCULINO | G22: GRANDE | K22: NU | L22: NU3AMRD3UIPE9H6P12R1PAP5CDK0 | M22: 200 | Q22: 1
B23: MARCO ANTONIO | C23: LÓPEZ | D23: LÓPEZ | E23: 31 | F23: MASCULINO | G23: GRANDE | J23: FRENTE MÉX-QRO-FRENTE 1 | K23: MERCADO PAGO | L23: 180910240988 | M23: 200 | Q23: 1
B24: EDGAR DANIEL | C24: CERVANTES | D24: REYES | E24: 27 | F24: MASCULINO | G24: MEDIANA | P24: 1
B25: JAFETH | C25: OLVERA | D25: ESTUDILLO | E25: 29 | F25: MASCULINO | G25: MEDIANA | J25: ELECTRICA | K25: BBVA | L25: 54171516 | M25: 200 | P25: 1
B26: MARTÍN IVÁN | C26: ALBARRÁN | D26: CONDA | E26: 28 | F26: MASCULINO | G26: MEDIANA | J26: TPMP F1 AIFA-PACHUCA | K26: BBVA | L26: 89279857 | M26: 200 | P26: 1
B27: JAVIER | C27: BARRIENTOS | D27: CUEVAS | E27: 25 | F27: MASCULINO | G27: CHICA | J27: TAP F1 | K27: NU | L27: NU3AMVTV4QDI86T8682VJDBI3FBN | M27: 200 | O27: 1
B28: LUIS JAIR | C28: HERNÁNDEZ | D28: CRUZ | E28: 29 | F28: MASCULINO | G28: MEDIANA | J28: RAMAL POXILÁ-MÉRIDA Y POXILÁ-HUNUCMÁ | K28: BANCO AZTECA | L28: 2609280111046942356H | M28: 200 | P28: 1
B29: ALEJANDRO | C29: GUEVARA | D29: FIGUEROA | E29: 27 | F29: MASCULINO | G29: EXTRA GRANDE | J29: TERMINAL DE CARGA PROGRESO | R29: 1
B30: JOSE ENRIQUE | C30: SANCHEZ | D30: MAGAÑA | E30: 29 | F30: MASCULINO | G30: EXTRA GRANDE | J30: TERMINAL DE CARGA PROGRESO | R30: 1
B31: LUIS CARLOS | C31: ANCHEYTA | D31: ORTEGA | E31: 28 | F31: MASCULINO | G31: MEDIANA | J31: MESA DE EJECUCIÓN DE OBRA | P31: 1
B32: HUMBERTO HERNÁNDEZ RIVERA | E32: 31 | F32: MASCULINO | G32: MEDIANA | J32: MESA DE ATENCIÓN A AUDITORÍAS INTERNAS Y EXTERNAS | P32: 1
B33: Ruben Alberto | C33: Olguin | D33: Baños | E33: 27 | F33: MASCULINO | G33: MEDIANA | P33: 1
B34: JOSE BALTAZAR | C34: RAMOS | D34: ESPAÑA | E34: 35 | F34: MASCULINO | G34: MEDIANA | J34: MESA DE ATENCIÓN A AUDITORÍAS INTERNAS Y EXTERNAS | P34: 1
B35: FLAVIO RAFAEL | C35: CONSTANTINO | D35: MARCIAL | E35: 31 | F35: MASCULINO | G35: MEDIANA | J35: IFMQ-F3 | P35: 1
B36: EDGAR ENRIQUE | C36: SOSA | D36: MONROY | E36: 21 | F36: MASCULINO | G36: MEDIANA | J36: F2 MÉX-QRO | K36: BBVA | L36: 14476247 | M36: 200 | P36: 1
B37: CHRISTIAN | C37: ALVARADO | D37: CASTILLO | E37: 27 | F37: MASCULINO | G37: GRANDE | J37: ITEPA Y CAF | K37: BANAMEX | L37: 8.5901829e+16 | M37: 200 | Q37: 1
B38: SEBASTIÁN | C38: HERNÁNDEZ | D38: DINORÍN | E38: 25 | F38: MASCULINO | G38: GRANDE | J38: ITE YPF | K38: MERCADO PAGO | L38: 180383770997 | M38: 200 | Q38: 1
B39: IVAN ALEJANDRO | C39: LOPEZ | D39: DIAZ | E39: 25 | F39: MASCULINO | G39: CHICA | J39: TERMINAL MULTIMODAL PALENQUE | O39: 1
B40: RENATO | C40: JAIMES | D40: IBARRA | E40: 31 | F40: MASCULINO | G40: MEDIANA | J40: TERMINAL MULTIMODAL PALENQUE | P40: 1
B41: HUGO | C41: PEÑA | D41: LOPEZ | E41: 29 | F41: MASCULINO | G41: GRANDE | J41: TERMINAL MULTIMODAL PALENQUE | Q41: 1
B42: MARVIN | C42: FLORES | D42: SILVA | E42: 25 | F42: MASCULINO | G42: GRANDE | J42: TERMINAL MULTIMODAL PALENQUE | Q42: 1
B43: FRANCISCO JAVIER | C43: SANJUAN | D43: BAUTISTA | E43: 26 | F43: MASCULINO | G43: EXTRA GRANDE | J43: TERMINAL MULTIMODAL PALENQUE | R43: 1
B44: Fernando | C44: Morales | D44: Montes | E44: 28 | F44: MASCULINO | G44: MEDIANA | J44: Mesa de Adq. y Ctrl Contable. | P44: 1
B45: Christopher Ivan | C45: Perez | D45: Alonso | E45: 32 | F45: MASCULINO | G45: MEDIANA | J45: Mesa Rev. Adqs. y C.C. | P45: 1
B46: ANTONIO | C46: AZUARA | D46: CHORA | E46: 33 | F46: MASCULINO | G46: MEDIANA | J46: Mesa Rev. Adqs. y C.C. | P46: 1
B47: JUAN CARLOS | C47: REYES | D47: CASTILLO | E47: 34 | F47: MASCULINO | G47: MEDIANA | J47: Mesa Rev. Adqs. y C.C. | P47: 1
B48: JOSÉ RICARDO | C48: SÁNCHEZ | D48: SÁNCHEZ | E48: 31 | F48: MASCULINO | G48: GRANDE | J48: Mesa Rev. Adqs. y C.C. | Q48: 1
B49: CHRISTOPHER YAIR | C49: CABRERA | D49: ARRIAGA | E49: 25 | F49: MASCULINO | G49: CHICA | J49: MESA DE TERRACERIAS Y PAVIMENTOS | O49: 1
B50: DANIEL | C50: PEGO | D50: ROMERO | E50: 33 | F50: MASCULINO | G50: MEDIANA | J50: F2 AIFA-PACHUCA | P50: 1
B51: JESUS ANTONIO | C51: PARRA | D51: TEJEDA | E51: 28 | F51: MASCULINO | G51: GRANDE | J51: MESA DE CONTROL DOCUMENTAL Y ARCHIVO | Q51: 1
B52: URIEL | C52: MENDOZA | D52: CAMPOS | E52: 24 | F52: MASCULINO | G52: MEDIANA | J52: MESA DE TRANSPORTES | P52: 1
B53: JORGE ARTURO | C53: ROMERO | D53: AVILA | E53: 30 | F53: MASCULINO | G53: MEDIANA | J53: RAMAL POXILÁ-MÉRIDA Y POXILÁ-HUNUCMÁ | P53: 1
B54: JAIME | C54: ANTONIO | D54: EUGENIO | E54: 26 | F54: MASCULINO | G54: MEDIANA | J54: RESERVA | P54: 1
B55: FRANCISCO ALEXIS | C55: PICAZO | D55: BARBOZA | E55: 29 | F55: MASCULINO | G55: GRANDE | J55: F3 MÉX-QRO | Q55: 1
B56: JAFET | C56: SILVA | D56: MORALES | E56: 28 | F56: MASCULINO | G56: GRANDE | J56: F3 MÉX-QRO | Q56: 1
B57: SALVADOR | C57: ROBLEDO | D57: ZAVALA | E57: 29 | F57: MASCULINO | G57: MEDIANA | J57: FRENTE9 MEX QRO | P57: 1
B58: FRANCISCO ALEXIS | C58: PICAZO | D58: BARBOZA | E58: 29 | G58: GRANDE | J58: FRENTE 3 MEX-QUE | Q58: 1
B59: JAFET | C59: SILVA | D59: MORALES | E59: 28 | G59: GRANDE | J59: TREN MEXICO QUERETARO FRENTE 3 | Q59: 1
B60: OSCAR | C60: GARCIA | D60: HERNANDEZ | E60: 33 | G60: MEDIANA | J60: MESA REV. ADQS. Y CTL. CONTAB. | P60: 1
B61: GERARDO | C61: RODRIGUEZ | D61: AVILÉS | E61: 34 | F61: MASCULINO | G61: GRANDE | J61: FRENTE 4 AIFA PACHUCA | Q61: 1
B62: JUAN DANIEL | C62: MEZA | D62: VILLAGRANA | E62: 31 | F62: MASCULINO | G62: GRANDE | J62: FRENTE 4 AIFA PACHUCA | Q62: 1
B63: DAVID CLEMENCIO | C63: MARTINEZ | D63: CRUZ | E63: 30 | F63: MASCULINO | G63: MEDIANA | J63: FRENTE 4 AIFA PACHUCA | P63: 1
B64: LORENZO | C64: GALVAN | D64: MIGUEL | E64: 26 | F64: MASCULINO | G64: MEDIANA | J64: FRENTE 4 AIFA PACHUCA | P64: 1
B65: LUIS ÁNGEL | C65: CRESCENCIO | D65: JÍMENEZ | E65: 26 | F65: MASCULINO | G65: MEDIANA | J65: FRENTE 4 AIFA PACHUCA | P65: 1
B66: LUIS JESÚS | C66: PÉREZ | D66: TORRES | E66: 34 | F66: MASCULINO | G66: XL | J66: FRENTE 4 AIFA PACHUCA | R66: 1
B67: RODRIGO | C67: MARTÍNEZ | D67: NAVA | E67: 31 | F67: MASCULINO | G67: GRANDE | J67: FRENTE 4 AIFA PACHUCA | Q67: 1
B68: MARCOS | C68: MORENO | D68: GONZALEZ | E68: 35 | F68: MASCULINO | G68: XL | J68: FRENTE 4 AIFA PACHUCA | R68: 1
B69: AXEL EDUARDO | C69: SÁNCHEZ | D69: HERNÁNDEZ | E69: 24 | F69: MASCULINO | G69: CHICA | J69: FRENTE 4 AIFA PACHUCA | O69: 1
B70: JOSÉ DANIEL | C70: GUTIERREZ | D70: HERNANDEZ | E70: 32 | F70: MASCULINO | G70: MEDIANA | J70: FRENTE 4 AIFA PACHUCA | P70: 1
B71: LUIS | C71: HERNANDEZ | D71: DIAZ | E71: 33 | F71: MASCULINO | G71: MEDIANA | J71: FRENTE 4 AIFA PACHUCA | P71: 1
B72: JORDY RICARDO | C72: VEGA | D72: SANCHEZ | E72: 26 | F72: MASCULINO | G72: XL | J72: FRENTE 4 AIFA PACHUCA | R72: 1
B73: JAVIER | C73: CRUZ | D73: VAZQUEZ | E73: 25 | F73: MASCULINO | G73: MEDIANA | J73: FRENTE 4 AIFA PACHUCA | P73: 1
B74: YOSMAR RIVERA | C74: RIVERA | D74: FLORES | E74: 26 | F74: MASCULINO | G74: GRANDE | J74: FRENTE 4 AIFA PACHUCA | Q74: 1
B75: ANGEL FRANCISCO | C75: MATA | D75: SANTIAGO | E75: 30 | F75: MASCULINO | G75: MEDIANA | J75: FRENTE 4 AIFA PACHUCA | P75: 1
B77: JESUS MARIANO | C77: GUILLEN | D77: DOMINGUEZ | E77: 28 | F77: MASCULINO | G77: MEDIANA | J77: F2 MÉX-QRO | P77: 1
B78: FRANCISCO DANIEL | C78: AYOTITLA | D78: CUEVAS | E78: 29 | F78: MASCULINO | G78: MEDIANA | J78: RAMAL POXILÁ-MÉRIDA Y POXILÁ-HUNUCMÁ | P78: 1
B79: LUIS ANGEL | C79: MENDOZA | D79: OLIVARES | E79: 28 | F79: MASCULINO | G79: GRANDE | J79: AIFA-PACHUCA, SUBESTACIONES DE TRACCIÓN F1 | Q79: 1
B80: JUAN | C80: GÓMEZ | D80: GÓMEZ | E80: 28 | F80: MASCULINO | G80: CHICA | J80: FRENTE 6 TAP | O80: 1
B81: ROYER IRWIN | C81: SANCHEZ | D81: CORDOVA | E81: 25 | F81: MASCULINO | G81: MEDIANA | J81: FRENTE 6 TAP | P81: 1
B82: LUIS ALBERTO | C82: CASTRO | D82: ESQUINCA | E82: 31 | F82: MASCULINO | G82: CHICA | J82: F1 SET Y M | O82: 1
B83: YAIR AGUSTÍN | C83: ORTIZ | D83: MARTÍNEZ | E83: 31 | F83: MASCULINO | G83: MEDIANA | J83: TMQ-F2 | P83: 1
B85: Osvaldo | C85: flores | D85: bautista | E85: 25 | F85: MASCULINO | G85: MEDIANA | P85: 1
B86: abel eleazar | C86: reyes | D86: navarro | E86: 22 | F86: MASCULINO | G86: MEDIANA | J86: TIC | P86: 1
B87: EDGAR | C87: PÉREZ | D87: MENDOZA | E87: 30 | F87: MASCULINO | G87: MEDIANA | J87: FRENTE 1 MEX-QRO | P87: 1
B88: ROBERTO CESAR | C88: NEPOMUCENO | D88: ESLAVA | E88: 27 | F88: MASCULINO | G88: MEDIANA | J88: FRENTE 1 MEX-QRO | P88: 1
B89: Miguel Angel | C89: Alejandres | D89: Cruz | E89: 35 | F89: MASCULINO | G89: MEDIANA | J89: SUBJEFATURA ESTUDIOS Y PROYECTOS | P89: 1
B90: EDGAR | C90: QUIROZ | D90: ARIAS | E90: 26 | F90: MASCULINO | G90: CHICA | J90: CATVI’S T-4 | O90: 1
B91: Gilberto David | C91: López | D91: Ortega | E91: 34 | F91: MASCULINO | G91: GRANDE | J91: Frente 4 México Querétaro | Q91: 1
B92: YARED | C92: GALINDO | D92: MINUTTI | E92: 31 | F92: MASCULINO | G92: GRANDE | J92: BAM6 | Q92: 1
B93: LUIS ENRIQUE | C93: SANCHEZ | D93: MUÑOZ | E93: 30 | F93: MASCULINO | G93: GRANDE | J93: BAM6 | Q93: 1
B94: ELADIO | C94: LÓPEZ | D94: ISLAS | E94: 24 | F94: MASCULINO | G94: GRANDE | J94: ESTUDIOS DE EJECUCIÓN MEX-QRO | Q94: 1
B95: ALAN ANTONIO | C95: MÉNDEZ | D95: CÓRDOBA | E95: 26 | F95: MASCULINO | G95: GRANDE | J95: ESTUDIOS DE EJECUCIÓN MEX-QRO | Q95: 1
B96: Kevin Eduardo | C96: Olvera | D96: Rodríguez | E96: 31 | F96: MASCULINO | G96: MEDIANA | J96: ITEyPF (SCTOCC | P96: 1
B97: MIGUEL ANGEL | C97: VERA | D97: SILVA | E97: 23 | F97: MASCULINO | G97: GRANDE | J97: BAM6 | Q97: 1
B98: Abraham Alexis | C98: Ruiz | D98: Jimenez | E98: 23 | F98: MASCULINO | G98: CHICA | J98: Frente 1 AIFA-PACHUCA | O98: 1
B99: Dylan Arturo | C99: Gámez | D99: Canché | E99: 26 | F99: MASCULINO | G99: MEDIANA | J99: Frente 1 Aifa-Pachuca | P99: 1
B100: RAFAEL | C100: MENESES | D100: GARCÍA | E100: 24 | F100: MASCULINO | G100: CHICA | J100: FRENTE 1 AIFA-PACHUCA | O100: 1
B101: Oscar Ariel | C101: Montes | D101: Saavedra | E101: 27 | F101: MASCULINO | G101: MEDIANA | J101: Frente 1 Estudios de Ejecución | P101: 1
B102: RICARDO | C102: GODINEZ | D102: BASTIDA | E102: 27 | F102: MASCULINO | G102: MEDIANA | J102: Mesa de Diseño Geométrico de Vía Férrea | P102: 1
B103: JORGE EDUARDO | C103: CALDERÓN | D103: GÓMEZ | E103: 30 | F103: MASCULINO | G103: MEDIANA | J103: BAM 6 | P103: 1
...

Sheet Atl-Vnl-10-kms-2a
A1: 7/o Aniversario Magnas Obras
A2: Agrupamiento de Ingenieros
A3: "Felipe Angeles"
A5: A T L E T I S M O V A R O N I L " 1 0 K m s. "
A6: 3 6 A Ñ O S E N A D E L A N T E
A8: No. | B8: Nombre | C8: Apellido Paterno | D8: Apellido Materno | E8: Edad | F8: Sexo | G8: Talla de Playera | H8: No. Concursante | I8: Firma Recibido | J8: Area o Frente | K8: Banco | L8: Referencia | M8: Importe | O8: CHICA | P8: MEDIANA | Q8: GRANDE | R8: EXTRA G. | S8: XXL
B9: ARTEMIO | C9: MÁRQUEZ | D9: VERA | E9: 53 | F9: MASCULINO | G9: GRANDE | K9: BANAMEX | L9: 758247 | M9: 200 | Q9: 1
B10: OCTAVIO | C10: GARDUÑO | D10: ESCOBEDO | E10: 46 | F10: MASCULINO | G10: MEDIANA | K10: BBVA | M10: 200 | P10: 1
B11: CESAR | C11: HERNÁNDEZ | D11: VEGA | E11: 40 | F11: MASCULINO | G11: MEDIANA | K11: BBVA | L11: 89353066 | M11: 200 | P11: 1
B12: Cristian Iván | C12: Coronel | D12: Sánchez | E12: 38 | F12: Masculino | G12: MEDIANA | K12: NU | L12: NU3AMRC2ILE29QQ93F7F6R0M114P | M12: 200 | P12: 1
B13: Ivan Noe | C13: Mardoniz | D13: Gutiérrez | E13: 37 | F13: Masculino | G13: EXTRA GRANDE | K13: BBVA | L13: 80248874 | M13: 200 | R13: 1
B14: JULIO EDUARDO | C14: HERNÁNDEZ | D14: VILLALBA | E14: 36 | F14: MASCULINO | G14: MEDIANA | J14: MESA INGENIERÍA ELÉCTRICA Y EQUIPAMIENTO INDUSTRIAL | K14: Mercado Pago | L14: 180913136200 | M14: 200 | P14: 1
B15: ERWIN | C15: FERNÁNDEZ | D15: SÁNCHEZ | E15: 39 | F15: MASCULINO | G15: CHICA | J15: MESA ATN. AUDS. INTS. Y EXTS. | K15: BANCOPPEL | L15: 50118163TRANSBPI79145346 | M15: 200 | O15: 1
B16: EDGAR ALBERTO | C16: AGUILAR | D16: GAVITO | E16: 49 | F16: MASCULINO | G16: MEDIANA | J16: MESA INGENIERÍA ELÉCTRICA Y EQUIPAMIENTO INDUSTRIAL | K16: MERCADO PAGO | L16: 180037910987 | M16: 200 | P16: 1
B17: FRANCISCO DE JESUS LOPEZ MORENO | E17: 38 | F17: MASCULINO | G17: CHICA | J17: TERMINAL DE CARGA PROGRESO | O17: 1
B18: CARLOS EDUARDO PEREZ GRESS | E18: 38 | F18: MASCULINO | G18: MEDIANA | J18: TERMINAL DE CARGA PROGRESO | P18: 1
B19: TAURINO | C19: MARTINEZ | D19: DOMÍNGUEZ | E19: 54 | F19: MASCULINO | G19: GRANDE | J19: MESA REV. ADQS Y CTL. CONTAB | Q19: 1
B20: LUIS FERNANDO | C20: GARCÍA | D20: RAMÍREZ | E20: 43 | F20: MASCULINO | G20: GRANDE | J20: MESA REV. ADQS. Y CTL. CONTAB | K20: BBVA | L20: 1012492 | M20: 200 | Q20: 1
B21: LUIS ANTONIO | C21: MEZA | D21: VILLALVA | E21: 36 | F21: MASCULINO | G21: MEDIANA | J21: MESA DE AUDITORIAS | K21: BANCO AZTECA | L21: 2609280111081398975H | M21: 200 | P21: 1
B22: CARLOS ALBERTO | C22: COLMENERO | D22: ORTIZ | E22: 37 | F22: MASCULINO | G22: GRANDE | J22: GRUPO ENLACE | K22: BBVA | L22: 9598440 | M22: 200 | Q22: 1
B23: ÁLVARO | C23: TECUA | D23: SÁNCHEZ | E23: 46 | F23: MASCULINO | G23: GRANDE | J23: ATN. AUDS. INTS. Y EXTS. | K23: BANCOPPEL | L23: 50118163TRANSBPI27987326 | M23: 200 | Q23: 1
B24: ALFREDO | C24: CRUZ | D24: GARCÍA | E24: 45 | F24: MASCULINO | G24: GRANDE | J24: MESA ADQUISICIONES | K24: BANAMEX | L24: 353485 | M24: 200 | Q24: 1
B25: CARLOS ANDRES | C25: HERNANDEZ | D25: AZUARA | E25: 49 | F25: MASCULINO | G25: GRANDE | J25: TERMINAL MULTIMODAL PALENQUE | Q25: 1
B26: FRANCISCO | C26: ROSETTE | D26: REYES | E26: 50 | G26: CHICA | J26: MESA REV. ADQS. Y CTL. CONTAB. | O26: 1
B27: Ricardo | C27: Escalona | D27: Flores | E27: 57 | G27: GRANDE | J27: MESA REV. ADQS. Y CTL. CONTAB. | Q27: 1
B28: Juan Carlos | C28: García | D28: Ramírez | E28: 41 | G28: GRANDE | J28: Mesa Rev. Adqs. y C.C. | Q28: 1
B29: OSCAR GENARO | C29: LOPEZ | D29: SORIANO | E29: 44 | G29: MEDIANA | J29: MESA DE TERRACERIAS Y PAVIMENTOS | P29: 1
B30: GABRIEL | C30: MENDOZA | D30: RUIZ | E30: 47 | F30: MASCULINO | G30: MEDIANA | J30: MESA REV. ADQS. Y CTL. CONTAB | P30: 1
B31: RAFAEL | C31: SEGURA | D31: MARQUEZ | E31: 49 | F31: MASCULINO | G31: MEDIANA | J31: MESA REV. ADQS. Y CTL. CONTAB | P31: 1
B32: CARLOS | C32: LÓPEZ | D32: SANTI | E32: 38 | F32: MASCULINO | G32: MEDIANA | J32: GRUPO ENLACE | P32: 1
B33: ALAN MICHAEL | C33: ARREONDO | D33: SALAZAR | E33: 34 | F33: MASCULINO | G33: GRANDE | Q33: 1
B34: TAURINO | C34: MARTÍNEZ | D34: DOMINGUEZ | E34: 54 | F34: MASCULINO | G34: GRANDE | J34: MESA REV. ADQS. Y CTL. CONTAB. | Q34: 1
B35: TIMOTEO | C35: JIMÉNEZ | D35: JIMÉNEZ | E35: 49 | F35: MASCULINO | G35: MEDIANA | J35: MESA REV. ADQS. Y CTL. CONTAB. | P35: 1
B36: ENRIQUE | C36: LADIN | D36: VÁZQUEZ | E36: 46 | F36: MASCULINO | G36: MEDIANA | J36: MESA REV. ADQS. Y CTL. CONTAB. | P36: 1
B37: AUGUSTO | C37: ABARCA | D37: GUILLERMO | E37: 40 | F37: MASCULINO | G37: CHICA | J37: MESA DE ACARREOS | O37: 1
B38: DIEGO | C38: DÍAZ | D38: ÁVILA | E38: 38 | F38: MASCULINO | G38: MEDIANA | J38: FRENTE 4 AIFA PACHUCA | P38: 1
B39: EDGAR URIEL | C39: RODRIGUEZ | D39: SAUCEDO | E39: 53 | F39: MASCULINO | G39: XL | J39: FRENTE 4 AIFA PACHUCA | S39: 1
B41: JUAN ALEJANDRO | C41: BAUTIST | D41: BAUTISTA | E41: 38 | F41: MASCULINO | G41: MEDIANA | J41: MESA ARCHIVO REV. ADQS. Y CTL. CONTAB | P41: 1
B42: MANUEL | C42: ARCOS | D42: GUTIERREZ | E42: 40 | F42: MASCULINO | G42: GRANDE | J42: MESA ARCHIVO REV. ADQS. Y CTL. CONTAB | Q42: 1
B44: Angel | C44: Aparicio | D44: Lopez | E44: 48 | F44: MASCULINO | G44: MEDIANA | J44: FRENTE 7 | P44: 1
B45: HUMBERTO | C45: DOMÍNGUEZ | D45: PASCUAL | E45: 52 | F45: MASCULINO | G45: MEDIANA | J45: MESA DE MANTO. AUTZ. | P45: 1
B46: RENE GENARO | C46: DECARO | D46: FRAGOSO | E46: 36 | F46: MASCULINO | G46: GRANDE | J46: BAM6 | Q46: 1
B47: JOHNY LOANY | C47: LAZARO | D47: ASCENCIO | E47: 44 | F47: MASCULINO | G47: MEDIANA | J47: Servicio de Alimentación | P47: 1
B48: Jose Luis | C48: Narvaez | D48: Jarquín | E48: 56 | F48: MASCULINO | G48: MEDIANA | J48: AIFA-Pachuca, subestación de tracción F 1 | P48: 1
B49: JOSUE SAUL | C49: ROBLES | D49: CRUZ | E49: 41 | F49: MASCULINO | G49: MEDIANA | J49: Frente: 4 AIFA-PACH | P49: 1
B50: IVAN JAVIER | C50: MAYA | D50: YVENES | E50: 36 | F50: MASCULINO | G50: EXTRA GRANDE | J50: FRENTE DE ESTUDIOS IRAPUATO-GUADALAJARA, COORDINACION DE SEÑALIZACION Y TELECOMUNICACIONES. | R50: 1
B51: RAÚL ABEL | C51: VELASQUEZ | D51: HERNÁNDEZ | E51: 41 | F51: MASCULINO | G51: GRANDE | J51: F5 TAP | Q51: 1
B52: JHONNY EMILIO | C52: PÉREZ | D52: LÓPEZ | E52: 38 | F52: MASCULINO | G52: MEDIANA | J52: MESA INGRÍA. ELEC. Y EQMTO. IND. | P52: 1
B53: ROBERTO DE JESÚS | C53: ALEGRÍA | D53: CASTRO | E53: 48 | F53: MASCULINO | G53: GRANDE | J53: GPO. ENLACE | Q53: 1
B54: MARCO ANTONIO | C54: TORRES | D54: SANDOVAL | E54: 38 | F54: MASCULINO | G54: CHICA | J54: G.M.A.E. | O54: 1
B55: CAP. I MARCO ALFONSO | C55: ANDUAGA | D55: ESPINOSA | E55: 54 | F55: MASCULINO | G55: GRANDE | J55: MESA DE PPTO. Y PROG. | Q55: 1
B56: ANGEL IVAN | C56: NAVARRO | D56: GIL | E56: 39 | F56: MASCULINO | G56: GRANDE | J56: BAM 06 | Q56: 1
B57: ESAÚ JOSÉ | C57: PÉREZ | D57: MÉNDEZ | E57: 50 | F57: MASCULINO | G57: GRANDE | J57: CAME | Q57: 1
B58: MANUEL | C58: NÚÑEZ | D58: NAJAR | E58: 58 | F58: MASCULINO | G58: GRANDE | J58: CAME | Q58: 1
B59: RICARDO | C59: MONTES | D59: JIMENEZ | E59: 41 | F59: MASCULINO | G59: CHICA | J59: CAME | O59: 1
B60: LEONEL | C60: SALAS | D60: REYES | E60: 36 | F60: MASCULINO | G60: EXTRA GRANDE | J60: ITEYPF | R60: 1
H63: CONCURSANTES | I63: =O63+P63+Q63+R63+S63 -> 50 | O63: =SUM(O9:O62) -> 6 | P63: =SUM(P9:P62) -> 21 | Q63: =SUM(Q9:Q62) -> 19 | R63: =SUM(R9:R62) -> 3 | S63: =SUM(S9:S62) -> 1

Sheet R PLayeras
A3: CHICA | B3: MEDIANA | C3: GRANDE | D3: EXTRA G. | E3: XXL
A5: ='Atl-Fml-5-kms-1a'!O345+'Atl-Fml-5-kms-2a'!O70+'Atl-Vnl-5-kms-1a'!O277+'Atl-Vnl-5-kms-2a'!O138+'Atl-Fml-10-kms-1a'!O79+'Atl-Fml-10-kms-2a'!O21+'Atl-Vnl-10-kms-1a'!O147+'Atl-Vnl-10-kms-2a'!O63 -> 226 | B5: ='Atl-Fml-5-kms-1a'!P345+'Atl-Fml-5-kms-2a'!P70+'Atl-Vnl-5-kms-1a'!P277+'Atl-Vnl-5-kms-2a'!P138+'Atl-Fml-10-kms-1a'!P79+'Atl-Fml-10-kms-2a'!P21+'Atl-Vnl-10-kms-1a'!P147+'Atl-Vnl-10-kms-2a'!P63 -> 460 | C5: ='Atl-Fml-5-kms-1a'!Q345+'Atl-Fml-5-kms-2a'!Q70+'Atl-Vnl-5-kms-1a'!Q277+'Atl-Vnl-5-kms-2a'!Q138+'Atl-Fml-10-kms-1a'!Q79+'Atl-Fml-10-kms-2a'!Q21+'Atl-Vnl-10-kms-1a'!Q147+'Atl-Vnl-10-kms-2a'!Q63 -> 254 | D5: ='Atl-Fml-5-kms-1a'!R345+'Atl-Fml-5-kms-2a'!R70+'Atl-Vnl-5-kms-1a'!R277+'Atl-Vnl-5-kms-2a'!R138+'Atl-Fml-10-kms-1a'!R79+'Atl-Fml-10-kms-2a'!R21+'Atl-Vnl-10-kms-1a'!R147+'Atl-Vnl-10-kms-2a'!R63 -> 74 | E5: ='Atl-Fml-5-kms-1a'!S345+'Atl-Fml-5-kms-2a'!S70+'Atl-Vnl-5-kms-1a'!S277+'Atl-Vnl-5-kms-2a'!S138+'Atl-Fml-10-kms-1a'!S79+'Atl-Fml-10-kms-2a'!S21+'Atl-Vnl-10-kms-1a'!S147+'Atl-Vnl-10-kms-2a'!S63 -> 19
A7: =A5+B5+C5+D5+E5 -> 1033 | B7: TOTAL PLAYERAS
